,A,B,C,D
2000-01-01,1.505938378731177,1.2971013930678001,-1.799367832194858,-0.7879231751680127
2000-01-02,2.9098211921066284,2.344628450834341,-1.2424345727308748,0.2003750447157977
2000-01-03,4.44643232558789,1.1406077465453373,-1.1959353251303317,0.6786717972602567
2000-01-04,4.391076368310022,1.2052127437233267,-0.7120397478909669,1.8036080533686896
2000-01-05,6.218261334732972,1.1873573250124947,-1.2693358557631749,0.5147499499321413
2000-01-06,6.766001894983103,3.4929110072409086,-4.244301625957757,0.782980468235833
2000-01-07,7.754145300428195,2.4160621943272025,-2.746224624020369,-1.7781863956226314
2000-01-08,9.35878528634917,0.7145367635151061,-2.5935343563530306,-1.622591955994594
2000-01-09,10.747098777775733,-1.088368770046592,-2.3695635676671563,-0.6877736115242551
2000-01-10,12.146321988107129,0.13649594138366616,-2.6654436471807803,-3.289764010264609
2000-01-11,12.710367229740072,1.3372200179118814,-0.8541788404934827,-3.3099836262998923
2000-01-12,13.501846086504434,1.8006880666100704,-0.7364673120054663,-2.3946537878188714
2000-01-13,13.48736882878264,-0.9767686666876991,-1.984450096511442,-1.2186711643195525
2000-01-14,12.532297550361239,-2.1167298815829567,-0.22391635974965607,-1.787314736469557
2000-01-15,13.261163192420675,-1.636069378400345,-0.3962221014033586,-0.2988176808098766
2000-01-16,13.235281339006956,-2.261759753211402,-0.6512502713357569,-0.9332306245944806
2000-01-17,12.134661152545887,-2.927922698057806,-0.23910081395138855,-0.3619235700543997
2000-01-18,13.221982523501348,-3.2778327940077787,-1.3650966567435956,-0.020267144534370507
2000-01-19,12.956353079626435,-5.076595201449094,-3.2245147250029227,-0.5835407505328035
2000-01-20,13.767817142974673,-5.968090673504384,-3.7405027616923254,-1.5864421363185288
2000-01-21,16.06485820422975,-6.300251081808544,-4.681417283796605,-3.5852166101198835
2000-01-22,17.380496852353833,-6.218557778821069,-3.835318140985275,-3.7580864474349123
2000-01-23,16.63176166657268,-4.888568943984368,-5.70687716486429,-4.284111041961531
2000-01-24,18.280879269154354,-5.391701051844216,-5.696633504649899,-3.5642781499590557
2000-01-25,18.966105760669766,-6.102357562752468,-4.764352665816276,-3.762493353938085
2000-01-26,18.329620175714,-6.516815338996814,-5.578511334315455,-4.103330435514731
2000-01-27,19.367859927568773,-8.74536290943076,-5.3381119311631435,-2.643437937139058
2000-01-28,20.321512772245104,-8.649132946210887,-6.827127690170687,-1.2204536759795754
2000-01-29,21.21548503333371,-9.05419535568623,-5.37562950576641,-0.7535358286845317
2000-01-30,22.250076886321175,-7.69142821859335,-4.791984576237255,-0.31598178185349773
2000-01-31,21.108293627536444,-7.798101680662307,-5.140755996923344,-1.24914326272265
2000-02-01,20.26226378556446,-8.217275228867397,-5.830174574010876,-1.9141584811427326
2000-02-02,20.05140128061476,-6.266063418918596,-6.055084632496019,-2.4548300266139345
2000-02-03,20.37446688689086,-7.3213239531363765,-7.127133252267428,-3.396532113427652
2000-02-04,17.73351407565112,-6.20899991297942,-7.602402692109136,-0.9561288241722559
2000-02-05,17.876034302588838,-5.608639810675863,-7.539868835616774,-1.893329240007779
2000-02-06,17.284645776584597,-6.609348330294745,-8.343364995285867,-2.1852658741882443
2000-02-07,16.286318772840087,-7.003890977001303,-8.581748073515833,-2.884083775731634
2000-02-08,16.294745336015616,-7.783134862595224,-10.318796070686465,-3.0086613107399858
2000-02-09,16.772004499778642,-9.025124109571067,-9.201138300205837,-1.6781575492493703
2000-02-10,15.692217181058037,-8.319949439087111,-8.87709464071332,-1.424333987792723
2000-02-11,17.231789213905195,-8.28151036454431,-10.153694343302957,-0.6034341696129897
2000-02-12,18.147995900113237,-8.725508672840872,-10.625650333355892,-0.618442370896628
2000-02-13,18.346170787290696,-9.973582724257671,-11.412528728696284,-0.3334767708931211
2000-02-14,18.59743424448527,-10.438896515968692,-11.635371136168857,-0.17745840347622602
2000-02-15,16.64478834576376,-9.20621463949335,-11.40033046979388,-0.3273420701967309
2000-02-16,15.03366270778956,-8.495643709973738,-9.979644482820667,0.9429868447904557
2000-02-17,14.260193520404586,-6.7708325161407075,-10.597210814899281,-0.17182532360018032
2000-02-18,14.603989008895587,-7.11437384668221,-10.66515859075615,-0.524092239328956
2000-02-19,15.335333316844357,-5.612214474067213,-12.506457340194636,1.1651813830965592
2000-02-20,16.003060166217587,-5.565008712972324,-13.136008820999324,0.045858653007013084
2000-02-21,16.947400896696937,-6.469667827957187,-13.187186598168495,1.5057803593267887
2000-02-22,16.197692479445546,-5.156441358400191,-14.546255089303466,3.2535771237390874
2000-02-23,16.869798987708776,-5.6785483845211475,-13.007523516431077,2.466172406437446
2000-02-24,14.589950312166083,-5.427263983327925,-13.348933905080926,2.27202911737949
2000-02-25,14.516874325746892,-4.849927739653453,-15.438325322493242,3.327331753313626
2000-02-26,13.730090379292319,-4.1972552077056875,-13.443248233574346,1.886540597310391
2000-02-27,14.31850255662286,-4.723054505854715,-13.09526660056568,1.4415118774432953
2000-02-28,14.081971908205492,-5.356101791686329,-13.730743012141271,1.871807406155747
2000-02-29,15.324397724056794,-6.900493971254555,-13.298277978950212,1.2618999273018598
2000-03-01,14.718596390883674,-6.826619438412496,-12.393246751486489,1.0242104830253702
2000-03-02,15.374906324810684,-6.891477184920239,-14.316619868342986,1.2901781990301813
2000-03-03,14.385990877726858,-7.153958586314751,-15.54320188523948,1.1270608390479553
2000-03-04,15.357310905089747,-9.277794691517084,-15.240737035948422,-0.3053270606902332
2000-03-05,16.786954378671044,-7.7125653473572005,-14.582520144356321,-1.009760498521934
2000-03-06,17.540786682704056,-7.372610153893467,-15.123313575172098,-0.5196669283876449
2000-03-07,15.21351640304026,-8.715323008177839,-15.597325448227211,0.6933760953346768
2000-03-08,15.567535747345573,-9.424828679215942,-15.067998410785995,1.9279150419157682
2000-03-09,15.636855214616379,-8.33024125865299,-15.155691624422007,3.157373817176599
2000-03-10,15.845901334570534,-9.816703840499956,-14.8732441641767,2.0883665840070766
2000-03-11,15.601212679559934,-9.564775460268097,-15.409086170209552,2.220827329435491
2000-03-12,12.69436222472239,-9.454369301159224,-16.323536031757317,1.2686677387378915
2000-03-13,11.244743480299462,-9.034135713954358,-14.611973865872303,0.8260563043040332
2000-03-14,11.23829275059708,-7.448119101444054,-18.207325848667434,1.0865323423171114
2000-03-15,10.332577538175773,-9.301898572939272,-19.746158153047936,-1.1867271661110494
2000-03-16,11.049043350011456,-8.508658866483898,-18.7018331522751,-1.0560748077784936
2000-03-17,10.997674438708357,-9.786321699915499,-20.85148622392991,0.7145906841122425
2000-03-18,11.29557781864058,-10.272939490932362,-19.762197886103753,0.11738082543800221
2000-03-19,11.522625773146329,-10.442357546353806,-20.1281258518168,1.640852385676817
2000-03-20,11.784391772005014,-11.051231903552729,-19.25151596948817,0.7350806421993656
2000-03-21,11.27261611847649,-11.133803315993621,-20.069502562880437,0.38747373741841457
2000-03-22,11.008619952909367,-9.803985991258084,-18.2230196028464,-1.3538873112508816
2000-03-23,12.246773255396207,-8.491880080279696,-18.31928199472287,-1.3948380373653362
2000-03-24,12.28089211719498,-8.935169721742097,-19.516733845477436,-2.330492845012916
2000-03-25,11.853360917907251,-9.030076192709016,-19.1534711666003,-1.3678560579620758
2000-03-26,12.472246748494713,-9.098241578025904,-18.778491019703683,-1.829317101098222
2000-03-27,12.201442495703564,-9.214058784421496,-18.569260715230513,-2.965237202835282
2000-03-28,12.006111864711805,-10.452484432735393,-17.63472055395536,-1.587178709270266
2000-03-29,11.92450181047255,-9.34530759328398,-17.750204723567034,-1.9671807551260936
2000-03-30,11.343354161654005,-9.471922928323398,-17.033878492553058,-2.4021831855615936
2000-03-31,11.139998952009211,-9.577070539791404,-19.060484977926407,-2.4095304373668505
2000-04-01,10.924920491384938,-10.071413409541421,-18.946359900329156,-2.508812117455139
2000-04-02,11.353411893091511,-8.908637790291172,-18.962968008003532,-2.032781466866523
2000-04-03,11.23584920639622,-8.344591274167042,-19.678155619724322,-1.7089088540794228
2000-04-04,10.501244945197122,-8.4946739830825,-21.75721794108706,-1.7446967109352982
2000-04-05,10.201097531058894,-8.887255812544598,-21.850162137509336,-2.536716603343436
2000-04-06,8.941712675576508,-8.240132442771863,-22.873328713056218,-4.109832551966284
2000-04-07,8.895189376736031,-7.535860738684356,-21.583171656661403,-4.526006095871706
2000-04-08,7.50825272844814,-7.5987705676625446,-20.246203661659962,-5.829928335239072
2000-04-09,8.162613567557834,-6.814458841856294,-19.166939686827867,-6.24264864713998
2000-04-10,8.872960155048014,-8.135213544121493,-19.05738732741252,-7.325468684688564
2000-04-11,8.882788023876067,-8.513699090999706,-16.43914752838467,-7.9029255198421
2000-04-12,9.005991638056964,-5.908644720432026,-15.706023338937424,-8.356290743144225
2000-04-13,9.112497523935344,-5.841407716375783,-16.207879579532626,-8.770646181178318
2000-04-14,9.302199407629761,-5.2260331289500535,-15.993097279641766,-10.326680097540592
2000-04-15,7.814535517380428,-5.010883566879439,-16.87836782369736,-11.44323660982178
2000-04-16,7.656301023568649,-4.5334921865810776,-15.04100190019023,-10.750322401727423
2000-04-17,10.21299990744629,-4.477904770982754,-14.685899813940003,-9.796482282662726
2000-04-18,10.371486605267707,-3.829105326679934,-14.98663541110344,-9.613520563835323
2000-04-19,9.813714888007764,-5.131253713061884,-15.036691145365515,-9.689157631885655
2000-04-20,9.8869748862826,-6.1556632216493155,-14.215682577084454,-11.649596950456491
2000-04-21,8.586463242999036,-5.148696777315293,-14.138967997105228,-12.236156869938668
2000-04-22,8.182213273785553,-6.9868215108362195,-15.673960310302247,-11.609575483868358
2000-04-23,7.2648427079805495,-7.430861062989401,-14.41446326263863,-11.025758308053108
2000-04-24,7.857486193287106,-7.164097913180563,-13.40886146171422,-11.20953554683543
2000-04-25,8.00661579581977,-6.074202278514669,-14.387512245709868,-10.407722940065973
2000-04-26,7.932843049271798,-6.4845311187171895,-12.198316091311188,-9.611834361683433
2000-04-27,6.516718268332903,-6.56883508393534,-10.443396492291136,-10.641357235079129
2000-04-28,5.990020174281158,-6.752358066780156,-10.929014352258736,-9.751938738423082
2000-04-29,6.922345234698729,-7.137132170113205,-11.085602883479039,-10.364353657472746
2000-04-30,5.504633775045189,-6.860825389536787,-10.067031763844176,-9.795100556301659
2000-05-01,4.507998338306587,-7.236538564159895,-9.788813301936893,-9.168543268215
2000-05-02,5.682127945779346,-6.913841268651281,-8.395723853861758,-10.683757568888883
2000-05-03,4.7299329656766975,-6.305202375275209,-8.38068944952951,-10.607299818947066
2000-05-04,3.872483773582302,-6.5124394655634115,-7.956134237790117,-10.08169813946929
2000-05-05,5.193322753037133,-5.394733545007275,-8.276447462484144,-11.253090746184107
2000-05-06,6.195432983825511,-4.872741827131376,-8.360563798997392,-10.840202185249806
2000-05-07,6.476962036870808,-6.2693527022314095,-8.113755706659985,-10.182869500077135
2000-05-08,6.113889934783412,-5.539307958344197,-6.7787882644448345,-9.120820197065163
2000-05-09,5.8761177117385,-5.121889242310913,-9.778445865902363,-8.311656675491761
2000-05-10,5.815017300529935,-3.462215996161381,-9.832865443509826,-8.334510059940836
2000-05-11,5.664647533112545,-4.465867988557613,-9.585520554271472,-6.4473851473856865
2000-05-12,5.850816758566267,-3.5566942714345418,-9.46450046634963,-5.884262745566853
2000-05-13,6.568900006093955,-5.353662700713249,-8.709722384972363,-6.054546377887099
2000-05-14,5.573990183461417,-5.509270874516937,-9.741315420600142,-5.729241867598731
2000-05-15,5.793402888811583,-6.904999163128668,-10.12837438163152,-4.854943346864769
2000-05-16,6.082842919646256,-6.689150587907924,-10.439190900445567,-4.696874308279459
2000-05-17,5.692925943444988,-5.538535194387396,-13.134579899836098,-4.135939816253792
2000-05-18,5.9397589619520295,-5.727453247066295,-12.474782258455846,-2.595557752282217
2000-05-19,4.433475506746095,-5.998671994465678,-12.064653308227244,-2.3321306393162278
2000-05-20,3.615966457489159,-6.698052414760204,-11.519139088718058,-2.0999380222037107
2000-05-21,3.9096007649003295,-8.262908726580925,-10.711899503869377,-2.8966350417233446
2000-05-22,4.989763202098157,-8.09710362014447,-9.922115623197538,-4.0313947404311765
2000-05-23,4.482198037186476,-6.013726153293396,-9.92304771640152,-5.440542146925855
2000-05-24,2.7550341280044037,-4.908182072271159,-11.016574104158611,-6.592253393208365
2000-05-25,4.474493926666931,-3.339365609589631,-11.199105129898694,-7.939099601620704
2000-05-26,3.189355148035629,-3.3218807834543376,-11.963126907381614,-7.198947804157914
2000-05-27,1.9588611910236537,-3.6628150075711865,-11.391876037283096,-5.8245712273311225
2000-05-28,0.44935560387983076,-2.851041534789671,-10.790847128736221,-5.63318351858068
2000-05-29,1.2916158508371143,-3.9114343160998315,-10.799560209024229,-5.498079304994192
2000-05-30,2.643860276891038,-3.6973568591562826,-8.80525794502773,-6.5598712976327835
2000-05-31,2.7164427467500145,-3.202831747534945,-8.435911752105625,-5.585106784248484
2000-06-01,0.586338347934253,-4.443407075435973,-8.596846243623315,-5.46339792087392
2000-06-02,0.8309795740193755,-3.883266152937277,-9.269485087640136,-5.029955088446731
2000-06-03,1.6538183488050373,-2.80690326925009,-10.16267721232878,-5.3025803660005835
2000-06-04,0.22814637105941293,-2.6633507840801736,-10.88777404734865,-4.242106795071009
2000-06-05,0.9821089926746202,-3.086945246207518,-11.712259902542803,-4.094544278379732
2000-06-06,-1.2715181905301876,-3.0006136089997666,-11.536109369584327,-4.202654361400172
2000-06-07,-2.8316497834022534,-2.0617487978482747,-11.921234965447399,-4.771147155435485
2000-06-08,-3.1804982238755852,-3.3575284127108525,-12.74534775178658,-5.344214420035977
2000-06-09,-1.5948791885009739,-4.24851685955206,-14.813046040076797,-5.230926203249891
2000-06-10,-3.3682122374397485,-5.646905541826667,-13.659635019159843,-3.9051125083522678
2000-06-11,-4.008799891022706,-5.345144470616993,-11.768750486095971,-5.537072188588772
2000-06-12,-2.6612409597660145,-6.251746864335926,-10.685326039167016,-5.084405933731837
2000-06-13,-1.1777354514283236,-6.153897075594282,-10.063024264436644,-4.5799380389994795
2000-06-14,-0.9190803930867575,-6.252473285835047,-10.602789429534136,-5.434445347295618
2000-06-15,-1.1729817812062908,-5.256313422000951,-9.554593564071512,-5.086102751788354
2000-06-16,-1.5187049838548452,-5.510654078339371,-8.907328522505813,-4.7686068312140835
2000-06-17,-3.863103414920562,-4.990335844019824,-9.826265950969892,-4.892962825253643
2000-06-18,-3.561110463176057,-5.227302335025815,-11.48242744578594,-6.1994546246258695
2000-06-19,-3.549050013785964,-5.356461664227198,-12.793616878168876,-6.108343069875053
2000-06-20,-4.011336050188231,-5.6224924010507,-12.658811625917494,-6.042816948717344
2000-06-21,-4.318463961596314,-5.6435557565782934,-11.635148447088289,-5.874309194413304
2000-06-22,-4.233793565564703,-5.872754699989252,-10.327221442539471,-6.545029882443952
2000-06-23,-3.706225477492548,-4.885964532026813,-10.698954143836716,-6.342228178718049
2000-06-24,-3.968483940905732,-4.687113632130689,-9.202968292074752,-6.0186856477818
2000-06-25,-3.7706819163005987,-4.0636726350280785,-9.826158943593907,-5.397530601784105
2000-06-26,-2.931437945074012,-4.865850232647766,-8.476441804125692,-5.833702352019176
2000-06-27,-2.7752315605133924,-5.0496588518776075,-8.909263082395013,-7.041970733596441
2000-06-28,-3.52966793607919,-5.408314509282556,-8.80198720402094,-7.76373157638802
2000-06-29,-3.0257025161757367,-4.946646789559529,-8.251279447811369,-8.830806632538943
2000-06-30,-1.0357815851094883,-7.414827845893315,-7.2647157985164315,-8.926734924433976
2000-07-01,-0.802364636657704,-7.164580260973909,-7.462670380789122,-9.311742708168923
2000-07-02,-0.592521389377507,-7.723576125557435,-6.494987262399893,-10.387487438649218
2000-07-03,-1.5749873857274979,-7.4062277141626,-7.511866357205185,-9.264236342146095
2000-07-04,-1.2709061960495687,-8.258573059621082,-8.06191366023995,-8.9294508152362
2000-07-05,-2.32981747008762,-9.286027835110296,-9.135839665985543,-10.736920066454324
2000-07-06,-4.005397532709581,-10.196850846365242,-7.6174006722920815,-10.618328290472602
2000-07-07,-4.251212760750743,-10.851834021132563,-8.751970557598819,-10.93688466301795
2000-07-08,-4.8254188218042895,-9.894558619142844,-9.227696994141159,-9.821841722862448
2000-07-09,-3.3961432383506405,-10.871824215876446,-10.042049774035638,-9.651298234063036
2000-07-10,-4.126518066715472,-11.155328205798472,-10.616572983599982,-9.760973534811788
2000-07-11,-5.156538003863236,-11.422829672402035,-9.794769628679706,-9.699078425507345
2000-07-12,-3.653484265380185,-12.47897401913175,-10.447553559187028,-8.558537398471563
2000-07-13,-3.993230173045237,-12.75377753309381,-10.539465159158288,-7.853302530073927
2000-07-14,-3.8726917323743386,-12.927309588813978,-8.84566530184833,-10.152131571575502
2000-07-15,-3.8765373187286585,-10.083798012408817,-10.144200584866466,-10.376887606840292
2000-07-16,-5.820351817091309,-11.117525295787814,-11.339643679974476,-11.408301226259086
2000-07-17,-5.928127559877344,-11.578077325322173,-11.111364428744324,-11.24056120474434
2000-07-18,-7.0073323397087135,-12.645445778528742,-12.253540413493262,-13.127322258784734
2000-07-19,-7.119896225323543,-13.622820816771705,-10.08761017986999,-13.090602703527175
2000-07-20,-7.105717365670069,-13.08132181527498,-9.940231722835767,-12.116643746017843
2000-07-21,-7.053857907983056,-13.711356433679287,-10.151459667260797,-12.943112527458911
2000-07-22,-6.579602243605885,-13.14124271955129,-9.11932644289248,-13.68533943507039
2000-07-23,-6.083604610406132,-13.196837616840774,-7.668068765317443,-13.102392479816892
2000-07-24,-6.29515545226257,-12.060701139336574,-8.619798618874778,-13.488817477767151
2000-07-25,-6.536817686197511,-11.51354602901451,-7.875219698761597,-14.343061005548927
2000-07-26,-6.941773799695364,-11.962113250733742,-8.54200344156871,-14.902174979804126
2000-07-27,-7.878616021233647,-11.224740646731982,-8.275649315224536,-14.057441575816403
2000-07-28,-7.509765539742889,-12.521235202417452,-9.154754489120757,-11.571984862047422
2000-07-29,-7.6394377566146625,-13.764048246434264,-8.563416828908682,-12.752885496531846
2000-07-30,-8.062615253962248,-11.533665333416499,-10.100661335262451,-12.48369590761871
2000-07-31,-7.08125711553474,-11.816473174942804,-10.79503715856005,-12.801952136743418
2000-08-01,-7.540818319129499,-11.077683952556631,-11.099610846096994,-12.514318973304432
2000-08-02,-6.9967212286247085,-11.993845319450722,-11.105181032795183,-11.36401347781553
2000-08-03,-7.001632700909015,-12.799283272557886,-11.84628002480797,-10.520503752035221
2000-08-04,-7.801300980843939,-12.223052318658606,-12.609448774537928,-10.302792068075759
2000-08-05,-7.860651219143573,-13.415742762865188,-12.660562227421519,-10.499120962043254
2000-08-06,-8.356599205382462,-14.74218917768372,-14.928081756670775,-11.627235982108337
2000-08-07,-7.978518519005313,-15.768713908559747,-13.385859803015725,-11.789608010720404
2000-08-08,-8.617264702951225,-15.50973436334743,-14.32176831283968,-11.25265747324174
2000-08-09,-9.37598540749896,-14.220798210764624,-13.894177488305209,-12.030526147613832
2000-08-10,-11.47627526709287,-15.045747307491709,-14.099492087791242,-11.197619178122526
2000-08-11,-12.031572181927263,-13.512356739040417,-14.563527652081204,-10.807750025993013
2000-08-12,-12.021914361295106,-14.046007083932581,-14.052833274197708,-10.565472179609685
2000-08-13,-11.570512684249676,-13.89252321541204,-13.4567088608199,-9.03530736369434
2000-08-14,-11.66355909763452,-14.57214726287969,-14.521934326562587,-8.949870569143487
2000-08-15,-11.121700110127156,-14.712674801541368,-14.25561951781488,-9.683912732922252
2000-08-16,-11.399330181142059,-15.21274051332541,-13.458581133313471,-9.33218834569903
2000-08-17,-10.252060519242384,-16.83464290955142,-14.739165453314156,-8.89530089392144
2000-08-18,-10.691624794527222,-15.393006776243825,-13.910224752093436,-9.298723169515878
2000-08-19,-8.501327384823268,-13.257356753827,-14.133072520097299,-9.47574561832587
2000-08-20,-7.346813833997297,-14.09472577409452,-13.884407498551061,-9.710570281814224
2000-08-21,-7.49903065521011,-13.575968454270113,-13.024134979261186,-10.145255047927424
2000-08-22,-8.839979358935308,-13.632584573741472,-11.954905496374348,-10.28441837904307
2000-08-23,-10.146670224001777,-14.124368755881644,-9.69059659181082,-11.629318775379211
2000-08-24,-8.59807297076157,-15.293492069951691,-11.918244586665361,-13.878567584563603
2000-08-25,-9.765006905412791,-16.206398551973685,-11.652461616043182,-15.10483272287742
2000-08-26,-8.023159102732494,-16.927923527576464,-11.898563085923248,-14.469291289866941
2000-08-27,-8.94421081985753,-15.118166702210154,-11.347966219300112,-16.02750629158456
2000-08-28,-10.431861568742148,-14.47249316834684,-11.4725522484517,-16.46535097774346
2000-08-29,-11.152834189515666,-13.362465076927954,-12.388188774198575,-13.938519407442325
2000-08-30,-10.603628825127759,-14.495562983293915,-11.012603621066473,-13.30477707140032
2000-08-31,-10.022756657170461,-14.678659510882492,-12.557916425479451,-15.803732284140338
2000-09-01,-10.034973688944156,-14.787167135831275,-11.859179029586608,-13.659358783038641
2000-09-02,-9.875289476545754,-12.954977092929456,-13.334157268930557,-12.632410655475125
2000-09-03,-9.137173868378724,-11.425602631837151,-12.312188917867832,-13.885498820180516
2000-09-04,-10.427402429616969,-12.025282952100472,-13.73189866060149,-14.926613072602578
2000-09-05,-10.430588775772746,-10.69694097081661,-14.017940145396476,-14.129554680550065
2000-09-06,-9.60035846351511,-10.38307631685974,-12.636518733347396,-14.741910158161602
2000-09-07,-11.466778755976456,-10.746527790211095,-11.368094224038991,-14.230090368894592
2000-09-08,-10.68304141036436,-10.748469543690254,-11.981423116943477,-15.53740307560368
2000-09-09,-11.66165761453097,-11.452301848931826,-11.104072262328323,-15.66457177676701
2000-09-10,-9.893079390865966,-13.511703712571002,-11.22452365828218,-15.06063115756587
2000-09-11,-9.869936358899253,-12.194025148820323,-10.130544614968082,-14.22911426642881
2000-09-12,-8.566565312835152,-12.537095953203863,-9.525750493128907,-16.23657998347006
2000-09-13,-8.080965702649408,-9.910978360449038,-11.497488305100608,-17.774000907774795
2000-09-14,-8.69636150518698,-9.781176124677298,-11.528136723223632,-17.60286792834492
2000-09-15,-8.509196848047528,-11.251753489632636,-11.174990155539671,-16.11175334288642
2000-09-16,-8.036648695031884,-12.272595600077842,-12.22112051551489,-13.022116187979
2000-09-17,-7.810641398269713,-13.189917949984103,-12.038315781097804,-13.808816075331995
2000-09-18,-6.7939121687127,-12.984654289305544,-13.637230375989597,-15.635907885099517
2000-09-19,-5.2921411445484825,-13.856507476046726,-13.356624877344556,-15.172319949304752
2000-09-20,-2.9117379347164536,-14.031758411187315,-12.493138990390989,-15.765352478578956
2000-09-21,-3.8945962530459353,-15.267463079567804,-12.74121806208437,-15.475422005634172
2000-09-22,-5.202291311781378,-15.735750896316526,-12.906770571866854,-17.65607890823443
2000-09-23,-3.8101501593137765,-17.229436759928717,-12.686042735499093,-18.758986017170475
2000-09-24,-4.081921252284088,-18.24230054082694,-13.782747253357867,-19.12254574814431
2000-09-25,-4.813789615071633,-17.493180864257198,-13.235286966307836,-18.78433063317461
2000-09-26,-5.252508490573016,-17.02951064501013,-12.175950158195006,-19.54041363037529
2000-09-27,-4.233424866111065,-15.561769585347236,-12.43172160694345,-20.53329316879454
2000-09-28,-4.715716677955208,-15.789363340329176,-13.865203483722595,-22.57710980084476
2000-09-29,-4.797441143402573,-16.21326154527274,-14.91021242293618,-22.64036909884454
2000-09-30,-4.913826946431885,-16.280825419236542,-14.301794013108603,-22.203893054495893
2000-10-01,-5.5902074555173735,-16.823942656007816,-14.94922122025897,-21.533531074127588
2000-10-02,-4.643605930716753,-17.571155206179238,-12.037652936040189,-21.775298228393954
2000-10-03,-3.904986533057146,-18.580290366966757,-13.440023861714558,-21.517176631137495
2000-10-04,-4.536581507983368,-17.455554618655935,-14.921723279653973,-21.175640370301775
2000-10-05,-6.549958112821905,-17.680808860320194,-14.68957939368614,-20.51271758213947
2000-10-06,-5.430286579728139,-18.49548960504524,-14.477975186000757,-21.75583930305364
2000-10-07,-5.3827303030794935,-16.843074261645906,-14.89496641471807,-22.263783733229737
2000-10-08,-4.810399529735427,-17.008301304003783,-15.637958800065775,-22.037018378569766
2000-10-09,-3.9448078462250757,-17.61503641628256,-15.780098095873283,-21.324743829599946
2000-10-10,-3.8442021176556813,-18.344926465074202,-15.128785106247483,-21.806682733666968
2000-10-11,-5.66562818327743,-17.313706232181087,-15.043418128511252,-22.97221112970129
2000-10-12,-6.480035015778661,-16.94990996653169,-11.30934394323815,-22.61959113679619
2000-10-13,-6.889336508632812,-16.297315129327156,-10.865407879388155,-22.430904551608403
2000-10-14,-7.999080306106549,-17.064888362306977,-11.966358228950172,-21.857196310385824
2000-10-15,-7.801859938607055,-16.701334293223344,-12.217574633462428,-22.187948187169543
2000-10-16,-7.100824296567171,-16.591856578101766,-12.167618132204856,-22.31256694500613
2000-10-17,-5.907801552100284,-16.723964192928243,-12.828612584830353,-20.577455894233385
2000-10-18,-7.727943739177812,-17.36388866439507,-13.202880432171066,-19.44970820399814
2000-10-19,-7.855602369540013,-15.03092308026369,-12.778942897315492,-19.670325495672085
2000-10-20,-7.845751809376643,-13.433652380346613,-13.496188448028352,-19.515480543113846
2000-10-21,-8.616009411781622,-12.349441905131602,-13.66927592166867,-20.28383818991019
2000-10-22,-9.280587382606617,-12.83377533145354,-13.426957732089175,-20.489208280450246
2000-10-23,-10.813241610128909,-12.510100299297578,-14.177361119233117,-19.47966875590245
2000-10-24,-12.727208137301574,-12.018187715097888,-13.048527100350254,-18.62318943931327
2000-10-25,-13.029884687914631,-12.957928890639115,-12.445254489203792,-18.73178590510585
2000-10-26,-10.688089044733253,-10.872513694185358,-11.720961602260209,-18.851820127717108
2000-10-27,-8.509220886476758,-12.04750425497203,-12.049769440309262,-19.832969625873975
2000-10-28,-7.466953632660924,-11.512311001664676,-12.900377255427312,-19.268677335862904
2000-10-29,-7.32582829069555,-12.045027290280848,-12.626715949373073,-18.22080538688921
2000-10-30,-8.011041752606012,-13.481965532277439,-12.164376444293017,-17.14489282442546
2000-10-31,-9.8376613569198,-14.406974696627511,-13.971514067620378,-17.092747771546783
2000-11-01,-10.821014926358135,-16.14581540878371,-15.404762044434658,-17.59252941598029
2000-11-02,-11.580932450545777,-16.6609088368207,-17.090445261677463,-15.595501339848251
2000-11-03,-12.883851224983482,-15.43225424447092,-18.20262285544879,-15.192403517994725
2000-11-04,-13.30665265211856,-15.202384732405676,-19.818003263897005,-16.783521917996637
2000-11-05,-13.433314155318705,-15.909610551676437,-18.832941416484125,-18.624913199026164
2000-11-06,-13.029448132875839,-18.859676242751927,-21.88415581711539,-18.52623058869233
2000-11-07,-13.054117395403392,-20.320536229833444,-23.043018489962733,-18.780093669553576
2000-11-08,-12.959756356885807,-19.330624791842514,-23.618896324830903,-19.32354105960829
2000-11-09,-12.773881668930663,-20.386673946926482,-23.982903727461338,-19.459748501823093
2000-11-10,-13.94748134249293,-18.87094963967894,-25.828677728505006,-18.535916863940837
2000-11-11,-14.138450587568416,-18.305931870000922,-26.23046633770358,-19.287940543037116
2000-11-12,-14.437425691167142,-18.089692653394895,-26.75285853236539,-19.042105352797943
2000-11-13,-14.206838722653071,-18.721695120666364,-26.290879391764907,-17.847509233892154
2000-11-14,-13.623717272863857,-18.17338991267747,-25.180367972291794,-18.572766746241076
2000-11-15,-13.85877249090786,-18.63221078643141,-27.628011658640663,-18.042354159319878
2000-11-16,-14.617756334651908,-19.18924011883756,-26.93196856405109,-18.403072710525343
2000-11-17,-15.880490555712578,-19.99912130365933,-27.662329557130594,-20.234695999920937
2000-11-18,-15.085449539563575,-18.766228370959137,-26.133175962236834,-19.543464334853525
2000-11-19,-15.785376569828001,-19.562354354151708,-26.647607426961635,-18.60123645974929
2000-11-20,-16.08040760527392,-21.466371187856346,-26.79082493831389,-18.870727147229232
2000-11-21,-17.71168316502557,-20.407909333679697,-24.883558932495916,-18.64954332041388
2000-11-22,-18.29783299410938,-20.124280695082103,-24.358184240755556,-19.702060633623514
2000-11-23,-17.64482782808742,-19.61415772425804,-24.67401171453524,-20.321346037116225
2000-11-24,-18.323929835565234,-20.518153067396046,-23.17670348000997,-19.805527721182578
2000-11-25,-17.884064126549823,-22.739035161117584,-22.674811325845432,-17.90713118931415
2000-11-26,-15.765762704206738,-22.181449524648542,-21.615336986810156,-15.852968536474213
2000-11-27,-15.83685520945427,-21.870151191266093,-21.579672968470472,-15.30445280561881
2000-11-28,-15.465381206702908,-20.67726053027331,-20.83881453672028,-14.973501946632153
2000-11-29,-16.039431967870502,-20.158677347672075,-20.806594145094497,-14.630276944638425
2000-11-30,-15.043299867890598,-22.424777836376023,-19.94287637440493,-15.289280484763168
2000-12-01,-13.807078976194724,-20.863115106096142,-19.066769939425658,-14.851087692783693
2000-12-02,-13.396489225783228,-20.013374901512698,-18.18448498715859,-15.242886976047096
2000-12-03,-12.051556364954232,-20.577340717599586,-19.375610093905294,-15.627749151568045
2000-12-04,-14.320415396062028,-21.75066835231002,-18.644574267163364,-15.670912255671901
2000-12-05,-14.036445336879355,-23.184537455364858,-19.428662109190977,-14.656737392864608
2000-12-06,-12.450519408627231,-23.177198775128858,-19.407815546481963,-14.605712794846061
2000-12-07,-12.283476723813564,-23.2266750512871,-18.02216348162443,-13.366478489822153
2000-12-08,-12.400489003801809,-22.01767286193127,-17.385455028006827,-12.474910829344855
2000-12-09,-10.373085653958821,-21.234715438388324,-18.11904881758714,-13.277603055717382
2000-12-10,-9.98268038896949,-21.035259351190827,-18.73284980674279,-15.74942968397423
2000-12-11,-9.870719511097436,-22.273834294003223,-19.131908029785176,-14.895998006339923
2000-12-12,-9.822915434654744,-21.766717312515045,-19.070236103591064,-14.612438651465949
2000-12-13,-11.137434256130145,-22.10007039902464,-19.232829216967087,-13.542040775360304
2000-12-14,-11.68504430650358,-19.663886410576147,-18.056415367885158,-14.023592625922465
2000-12-15,-11.146706292641099,-19.468818127777844,-16.43529269054381,-13.226721510284936
2000-12-16,-11.607877100979303,-20.228452789231195,-15.747710272825886,-12.491886279826957
2000-12-17,-11.57309914825408,-21.930678731859302,-15.01636564210568,-11.113513850088985
2000-12-18,-12.06253945350604,-22.403024357580794,-14.38609440366794,-11.631706401676757
2000-12-19,-12.466049078759537,-21.533602920123375,-16.38143817872385,-11.073959906240164
2000-12-20,-12.341464447063537,-23.721904228969407,-15.81693355766331,-11.060144001283449
2000-12-21,-12.090652463080707,-23.75558720153539,-13.449302408898149,-11.31989373288388
2000-12-22,-10.848600410396324,-22.704333038323746,-11.71351799920434,-11.406866656826791
2000-12-23,-10.035856154133084,-22.183548268711007,-11.113946716050979,-10.849036114851222
2000-12-24,-10.375014926330985,-23.305466691556862,-11.581274833575847,-10.892813496856466
2000-12-25,-11.471007584703944,-22.965619086534602,-11.77378343702988,-11.567077115123798
2000-12-26,-12.445618019235205,-22.598784550925174,-11.39776597071184,-10.513436685676995
2000-12-27,-12.754594938308848,-22.656357711124258,-10.835918331449479,-11.211497683154226
2000-12-28,-10.82402080033029,-23.37260284678693,-11.62182052314732,-11.633750716132067
2000-12-29,-10.415468118364142,-23.063242299988982,-12.284924302827527,-12.607797909729891
2000-12-30,-11.690965775427161,-24.0100503941575,-12.193927748617329,-12.466300941254877
2000-12-31,-10.883374544418162,-24.72903928190134,-12.473735409010843,-13.602818387241076
2001-01-01,-11.614379132598652,-24.428943172060148,-11.784273300191174,-12.312614004984807
2001-01-02,-13.659742048894014,-24.1131963428369,-12.204207849509508,-11.587544650584073
2001-01-03,-13.366530997225668,-22.557867790040845,-14.09317272313269,-11.395644775629899
2001-01-04,-13.95374833538207,-24.32890412791617,-14.897798309871948,-11.53836860911936
2001-01-05,-13.148087739005131,-24.641962630465283,-15.53099899008167,-10.932902071500397
2001-01-06,-14.239068128946522,-23.26354611025738,-16.057841095651415,-9.3874011114898
2001-01-07,-14.91153004404625,-24.60498643040516,-15.434489075760172,-8.818767642612396
2001-01-08,-14.048054858177705,-24.95193985260847,-15.72741099322893,-9.293372152811862
2001-01-09,-12.997928935519758,-25.729517407156695,-16.35183131767655,-8.001651959717037
2001-01-10,-12.455360228563576,-27.20208148265196,-16.1664263268311,-7.835797081673444
2001-01-11,-14.916116862262403,-28.899515837209602,-16.3705908431415,-8.933578751922244
2001-01-12,-14.5347266175592,-28.83510097448616,-15.805362893450075,-9.841953326461816
2001-01-13,-13.99085983987513,-29.338678013806668,-14.239496032113657,-10.94104569290817
2001-01-14,-15.26514753253265,-28.527328808389452,-14.715316144161918,-10.281510750622939
2001-01-15,-14.108264222734066,-28.924714488379674,-14.412036397158083,-10.600424420454372
2001-01-16,-14.655046873108784,-28.69615396963985,-15.813772118325545,-10.775960141744202
2001-01-17,-13.343278666570717,-28.715238422598652,-14.675462885358616,-11.485447830198174
2001-01-18,-15.50298676874069,-27.486479975450816,-15.696779641585369,-10.517087320065428
2001-01-19,-13.900569900199281,-27.03612133494069,-15.370373517367488,-11.185643857776709
2001-01-20,-13.419117815952596,-26.807068914142555,-13.864560426423022,-11.024354987419587
2001-01-21,-13.569673033477919,-26.750552433336622,-13.629119955599961,-10.058867157985024
2001-01-22,-14.045477993021477,-25.454300745361575,-10.949746724910085,-9.373981413448108
2001-01-23,-13.124595711106167,-25.51098658380278,-11.260060624632374,-10.249192309413674
2001-01-24,-12.500581188881704,-24.379819147196674,-12.29131199582648,-10.931054007895005
2001-01-25,-12.03001151360125,-23.692320748237183,-13.758499018086436,-10.852535428269537
2001-01-26,-12.158011749479314,-24.625220913672287,-14.215369671669574,-11.25600862443401
2001-01-27,-11.234151357216465,-25.472658376850582,-14.087768067546023,-11.756990864918025
2001-01-28,-11.975729072194849,-25.899588177635756,-14.037578401581287,-11.567846701150094
2001-01-29,-12.857814881813441,-25.612445566358883,-14.742968129570434,-11.968289804395193
2001-01-30,-13.411180953726811,-25.531240275501595,-16.118486864537914,-12.639881678560972
2001-01-31,-12.440569844836338,-26.66971470183506,-15.419871729378274,-12.511264799909252
2001-02-01,-12.100015374280135,-26.277682784645275,-16.702380812552423,-11.794070299613127
2001-02-02,-11.577817024918877,-26.07553407470716,-17.395901134804845,-10.864443611939903
2001-02-03,-9.378033997698282,-26.379510090581775,-17.73909281775365,-10.97843840291109
2001-02-04,-9.128507897951593,-26.50937039944762,-17.348593501547818,-12.47233587340582
2001-02-05,-7.56664664675693,-24.852537469439397,-20.349949309173727,-12.756688181413782
2001-02-06,-6.885028086022003,-24.92656410526785,-20.52020038213347,-13.543236213608845
2001-02-07,-5.832598403121937,-25.51174755605223,-20.1822795546851,-11.863407230377277
2001-02-08,-6.763559202356609,-25.302637661851158,-19.734063013292207,-9.9956439931461
2001-02-09,-7.650789158155734,-26.75833712871357,-21.97041502184968,-9.985612953537887
2001-02-10,-6.6861700705440406,-26.156603367615823,-22.36805139817023,-9.13816737293534
2001-02-11,-7.956473834448263,-24.515337838312973,-23.044849612894225,-11.04197298056163
2001-02-12,-7.286090121843274,-24.309666308897732,-24.075980214466508,-12.37867349314205
2001-02-13,-8.583980765048572,-25.723161741496646,-23.72804399902459,-12.11323175110786
2001-02-14,-7.454948528655542,-24.120044236609232,-23.556312923405383,-12.265615904665012
2001-02-15,-8.496406808994594,-26.526206936339467,-23.73921929594202,-10.500205479038007
2001-02-16,-10.199970451879487,-27.32852651648059,-23.22303535510211,-11.26137454916369
2001-02-17,-10.314247636575725,-25.994728217602553,-23.016896033594318,-12.238598767469592
2001-02-18,-10.584086673750152,-25.35401086267587,-23.162639778764092,-11.237598858012275
2001-02-19,-10.186842951994558,-23.97274308442336,-22.956807227375986,-10.77774869957451
2001-02-20,-11.768144032440855,-24.379143415653726,-22.11922200727382,-11.785892775024083
2001-02-21,-11.381745047664808,-23.113025624019816,-23.42353580680596,-11.270699988755393
2001-02-22,-10.234496106328665,-22.20260656352052,-23.511310351572785,-11.480703762187837
2001-02-23,-9.324127300564092,-22.583948600572555,-21.864952441385896,-11.66939359485566
2001-02-24,-8.168356060779896,-21.415079174740548,-21.559771462927532,-11.23599238752494
2001-02-25,-7.487976962824953,-21.36823346007072,-20.418160272982796,-11.901062655813865
2001-02-26,-5.213192105474617,-21.55845636650382,-19.43663007545232,-10.695163728761216
2001-02-27,-5.723279363619137,-21.342335175485683,-18.624800062515206,-10.797144854336093
2001-02-28,-6.224505594499354,-20.941581881687263,-19.212722168034613,-11.017288343266396
2001-03-01,-4.293196230781525,-21.45802032332659,-19.82098830933041,-11.51273443015887
2001-03-02,-4.084769915694445,-22.027438081081073,-19.854614264234918,-10.534074476717118
2001-03-03,-3.9611577319335636,-22.839102183338234,-21.71188143594862,-10.898340967789036
2001-03-04,-1.8094109630029895,-24.472707765318855,-21.2821541273638,-11.633680795108148
2001-03-05,-3.202350197236435,-24.16080010786008,-19.9747137165848,-11.199236154717621
2001-03-06,-2.2334414329711727,-23.7419868817204,-20.753215168847767,-11.811115124859379
2001-03-07,-2.4509977928581117,-23.42787818921246,-19.12629065788619,-12.670190980672023
2001-03-08,-1.812864236251766,-23.301382186157003,-18.82180987089094,-12.385668602373023
2001-03-09,-2.5097314748769595,-20.222024795986947,-17.974063275212348,-10.720958044323572
2001-03-10,-2.648109476133638,-19.987651986439687,-18.697277493356875,-10.640632563142079
2001-03-11,-4.342224740094764,-19.46808011172112,-18.82874786983159,-11.954298049197352
2001-03-12,-4.853944182173228,-18.653267388463153,-17.827347551496718,-11.876396256136479
2001-03-13,-3.7809870066221993,-20.605571526676503,-18.269126440861474,-9.13977431925879
2001-03-14,-2.598748720616658,-21.381776762847856,-16.50484663355037,-8.923646469463877
2001-03-15,-4.0979800838023746,-22.369451798790273,-18.045436253084567,-8.965515380818701
2001-03-16,-2.2547927215583727,-23.619272798312565,-19.16281886499849,-8.908626946927589
2001-03-17,-2.2222626109885293,-24.144776673439743,-20.427629965351567,-8.566367540415607
2001-03-18,-3.0400559290125715,-24.879038737955728,-19.7163297125059,-10.275437722139277
2001-03-19,-2.854676767878606,-23.189696719557567,-20.604544924958542,-9.154870269359899
2001-03-20,-3.0559598201126277,-22.297386267504628,-22.078454067114688,-10.354108528116312
2001-03-21,-4.767031437265044,-22.107268173517152,-21.980932117591305,-10.158279976043913
2001-03-22,-5.099876916496561,-22.997073285534157,-24.764106992405864,-9.568366815403177
2001-03-23,-5.030954288957106,-23.565328394533203,-25.077796671835674,-10.410299864974519
2001-03-24,-3.497571238591707,-23.805729980743212,-24.102068893261478,-9.81214502354512
2001-03-25,-3.8445122841119073,-23.10682946919977,-25.017721426908654,-9.850851124249317
2001-03-26,-2.0706654463179577,-25.38345042100881,-25.426364037218438,-10.172965876343321
2001-03-27,-3.6228721283839516,-26.784970671562853,-27.65333605147271,-10.55663136829782
2001-03-28,-3.1950991414317924,-26.8431730092273,-25.82555509013432,-11.078306749690991
2001-03-29,-2.5847720292339194,-25.853060283019197,-26.760041131299918,-9.63306841464953
2001-03-30,-1.108284317295368,-24.65941378907899,-27.76718897016117,-9.499270166462335
2001-03-31,-0.9687889129487794,-24.369667245844585,-28.461112048967472,-8.768779656192132
2001-04-01,-2.0123673122260897,-26.052378387120175,-28.61445333327111,-8.817381581707085
2001-04-02,-0.6391107017247861,-27.101132480778613,-27.743382059142366,-8.71598626078335
2001-04-03,1.01062720650445,-27.920984262634324,-27.3132504828009,-10.632816760953798
2001-04-04,1.0482036807159572,-27.808794700059345,-27.28791637256733,-8.912037625051811
2001-04-05,0.5036461860444326,-27.82626403269213,-26.479875743269947,-7.380254491060859
2001-04-06,-0.059740573344496783,-26.77255979694562,-24.753731197448868,-5.663961757897019
2001-04-07,-1.602437739540023,-25.965093601492786,-25.498982262393504,-3.8611803638208686
2001-04-08,-1.1274056402785442,-23.65611864564913,-25.031297949725754,-3.3313243764510156
2001-04-09,-0.13800807688290362,-23.599485429382543,-25.5501741247945,-3.799363418736764
2001-04-10,-0.10173410734479635,-23.88915569656943,-25.487403472360512,-2.8313237080386884
2001-04-11,0.7285466988305503,-23.54403605193851,-27.263897748506203,-2.8561407582733973
2001-04-12,-0.9000391848818122,-23.497916632656445,-27.95929260892866,-3.2417432523672836
2001-04-13,-2.4245757775456784,-22.76875760947094,-29.877487046614316,-2.463929759903561
2001-04-14,-1.7411739095952385,-22.94773210754396,-30.073592254547055,-2.947464518615606
2001-04-15,-2.577004712818745,-23.700595607583246,-29.56567684548109,-2.4649313442694574
2001-04-16,-3.0841110311928417,-23.629342524244063,-29.506763136522704,-2.912052941004277
2001-04-17,-2.3161304485389236,-22.970788388113995,-29.503977558561374,-4.205979244301444
2001-04-18,-1.6771352556183063,-24.1677469136418,-28.582134449504682,-3.6451657063349296
2001-04-19,0.42841511055583004,-22.49776619709861,-28.053538573855693,-2.3172677697653157
2001-04-20,0.361872978585758,-23.637077657400738,-27.490089752756134,-2.3321946573084764
2001-04-21,0.13329251537043774,-23.430451513578852,-26.75139229242323,-2.503666265021869
2001-04-22,-0.34255385853214193,-23.202506676328422,-26.430319953922425,-1.3773615101241132
2001-04-23,0.39369373778182903,-21.766122873548806,-26.655204155478934,-2.157612200470384
2001-04-24,0.5061707659950434,-22.687124056402975,-26.74913229114828,-0.5460072998851997
2001-04-25,0.37475249935894894,-24.12519707154568,-25.244736748759372,1.20030871259965
2001-04-26,-0.04625692500535428,-24.28150452722815,-25.905156112812342,1.2330414025215897
2001-04-27,-1.0870740691081893,-23.93325015208396,-25.776296914534694,0.7633640798381992
2001-04-28,-0.4710535629172464,-23.308175368127937,-25.008734040266628,0.39196775211988577
2001-04-29,0.2774695884478947,-22.295777424082615,-25.487165671983355,-0.7349544963862765
2001-04-30,-0.13421385577776712,-22.721692907886332,-25.046493010929158,-0.9989190810173367
2001-05-01,0.9357320323052768,-23.24275819990006,-24.020517138812995,-2.362380633827737
2001-05-02,-0.4116243089223971,-23.270646778298953,-23.656291705270537,-1.3487668464224931
2001-05-03,-0.39614184669367686,-23.3988279966169,-20.52837216897789,-0.7396120582200335
2001-05-04,-1.3706534106355854,-23.55588857225187,-20.530149323861686,-0.33624715278046374
2001-05-05,-0.46571608515816254,-23.59895300336302,-20.883804603611207,-0.1925263683762174
2001-05-06,-1.660787574573811,-24.699944427185752,-20.855128109494753,-0.9230128465057831
2001-05-07,-2.344092755400074,-25.118070667805576,-20.000188253100045,-1.2266224178862444
2001-05-08,-1.3591804875204498,-24.04142316611703,-19.880414413127163,-1.2870666725364899
2001-05-09,-0.3743082605852386,-24.213250251547464,-18.930367212479318,0.41280252956675656
2001-05-10,0.3586546392327429,-24.06755603388376,-18.631230059446747,2.8698148307698217
2001-05-11,0.4232690960834862,-23.421257371626385,-20.246620852922433,2.087534123262996
2001-05-12,-0.01632838602574138,-23.522944526931628,-21.259006358920754,1.5531114535205046
2001-05-13,-0.9718830715891761,-23.083799642992748,-20.38515141231882,2.350895523756834
2001-05-14,-1.9492673907158755,-22.87370816769323,-20.593352572761074,1.0813891141108876
2001-05-15,-1.6909047618424535,-23.53968065602442,-19.49753243141904,1.4662437736851879
2001-05-16,-1.6940027618857152,-25.824889577694773,-19.37233698459616,1.1768493208311959
2001-05-17,-2.0512542627714336,-26.848373165555472,-21.316078976244658,2.658300108224619
2001-05-18,-3.0707817315560937,-27.35490406734539,-21.21936433174992,2.1468322478307273
2001-05-19,-1.8308311588837887,-26.591126017095533,-21.811846913692992,1.944724518094947
2001-05-20,-2.568612777460244,-25.797186950303388,-21.4652653532185,1.7421902497033068
2001-05-21,-2.3092565378315815,-26.79700655741946,-22.536339891942784,0.05771302609700624
2001-05-22,-4.467778154959275,-28.680981022378894,-22.163874494150253,-0.6247938310819624
2001-05-23,-3.563966173687768,-28.530048037957833,-24.024059855305552,0.7027555030093003
2001-05-24,-4.326692869699138,-29.391125709874196,-25.7203209399031,-0.2593599753196413
2001-05-25,-3.8871475192483467,-29.351138760574067,-24.88313278805334,0.8968138628552184
2001-05-26,-4.354280072967473,-31.166628834350487,-23.823905718058214,2.269995069075399
2001-05-27,-5.175188738544789,-29.745511442155266,-25.34639782639166,3.2117749288910016
2001-05-28,-5.588275923061507,-30.66365470632974,-24.7746810543038,3.3682112877320307
2001-05-29,-5.342187294968855,-31.35164671658357,-25.821146574015295,4.177441015709791
2001-05-30,-4.559955892002395,-30.840197694517233,-26.29197691758406,5.726445285961598
2001-05-31,-4.551657425559977,-29.625604224069292,-27.30132566181572,5.772805836556765
2001-06-01,-5.074236968546665,-28.78526701749618,-26.61076514976174,5.8324005026132575
2001-06-02,-6.598499133597576,-29.433580987479605,-28.03108916214464,5.577072138929211
2001-06-03,-6.625998896721059,-28.44552547164053,-28.85071013193144,5.978113073534031
2001-06-04,-5.373987232808558,-29.673384535361517,-29.050120556823355,7.405696987928038
2001-06-05,-5.394726649328501,-29.842379810646648,-27.946756476844605,8.337304719611696
2001-06-06,-5.69040975208822,-30.498863049398906,-27.8424653384001,8.047163010944116
2001-06-07,-5.714333879726868,-31.94720567929353,-28.64580243495207,7.979721447752577
2001-06-08,-4.646278445619222,-31.73274946678928,-29.82749235445567,7.939691579115957
2001-06-09,-5.206462243291872,-30.7756886635813,-28.83673279187888,7.517407060007076
2001-06-10,-5.900798750449114,-30.358324764192517,-28.295346711899818,8.062334240424342
2001-06-11,-5.31513363713958,-29.105443917361335,-30.174475417552014,8.142087607001807
2001-06-12,-3.8225149730514536,-28.58730398937557,-29.621923774514382,7.839172571189817
2001-06-13,-3.8241659900467027,-28.78261222892804,-28.537799070310985,7.190286335048142
2001-06-14,-3.8536259322085806,-30.07614009771625,-28.71554373059284,8.74124298744537
2001-06-15,-4.27253622063786,-31.260009219304038,-27.821145080607003,9.455122288138902
2001-06-16,-4.387423809890955,-31.30586589396419,-28.190271259694942,7.881587336725171
2001-06-17,-4.703807502661694,-33.15255723741776,-28.458258153829384,7.575243126508194
2001-06-18,-4.778851816045344,-31.97959323205288,-28.4210474689246,7.953911463030507
2001-06-19,-4.934765447793669,-31.07245032937345,-30.541703575741266,8.483606151711287
2001-06-20,-5.980262603878178,-32.16512155230895,-30.57378893814088,9.97814781668568
2001-06-21,-4.111523658339965,-31.19477091255747,-31.556005940641352,9.971919121019377
2001-06-22,-4.288787074822866,-31.22672487814298,-30.690441199006404,10.15014088606372
2001-06-23,-3.7991965288228386,-30.86202231487864,-31.77749444961925,7.812638058365145
2001-06-24,-3.26195852519586,-31.417538820837983,-32.26175233674385,9.005920219323428
2001-06-25,-2.6407670754349972,-32.15787542341594,-31.379510862567585,9.4933352506918
2001-06-26,-2.519388753162014,-30.83673820101201,-29.0722866931319,9.929112666101146
2001-06-27,-2.5080646848682013,-29.802769190476116,-30.17398375093189,9.070953311657592
2001-06-28,-2.527770720240773,-29.548112231377676,-30.318608815178028,8.186456785605927
2001-06-29,-2.7342539357728723,-29.477991220508173,-30.615961287858482,10.226658360324814
2001-06-30,-3.251951636520349,-30.02823427508024,-29.838191045828204,10.686707098000399
2001-07-01,-3.826853347363242,-30.37690063686115,-28.79923814167003,12.058278687043654
2001-07-02,-3.7485739568643512,-30.644245506249984,-28.1049385253108,12.236575768310333
2001-07-03,-3.855889584771248,-31.94470893314953,-28.778343918662262,11.337450698700453
2001-07-04,-3.5704869618549755,-30.32239404246414,-27.84040643730424,12.08882179976501
2001-07-05,-4.61873360136691,-31.50118713284809,-28.374214185639403,12.461017772259257
2001-07-06,-5.410954412429269,-30.869348899868466,-27.293773790504126,11.365777006992474
2001-07-07,-7.172189115515402,-30.9659253615542,-26.455046868063476,11.40922241640078
2001-07-08,-7.913648662469386,-32.87542453520495,-26.158784018533293,12.475391396918743
2001-07-09,-8.809352778785929,-32.35919637963946,-26.445319032038512,11.846893719872433
2001-07-10,-8.912270257958282,-30.913484822854194,-27.863001709799118,11.904798248039132
2001-07-11,-9.45194837407994,-29.68604221164116,-27.904007106040194,9.895140279751073
2001-07-12,-9.416005802139763,-29.90572125424886,-28.18710926325707,8.753717311003966
2001-07-13,-8.684091122186219,-29.879202602278653,-29.334757849124294,9.063007119847175
2001-07-14,-8.772151099528672,-29.042934507771818,-29.014322323632552,8.51298866013904
2001-07-15,-11.081587867461005,-28.092281716150815,-28.45660557696178,7.2267765429404065
2001-07-16,-10.588148350535858,-29.73122477738101,-28.968568072447223,8.041005585691835
2001-07-17,-10.734931923152333,-28.69927365161001,-28.964958781989978,7.839229080227456
2001-07-18,-11.547626106274206,-28.49036154483928,-29.179439643899705,6.706616636342659
2001-07-19,-11.619973746408094,-28.653138538117485,-30.34787992137865,5.331074470044516
2001-07-20,-9.808227503849249,-30.085847495696257,-31.97914449804064,3.0200166277121383
2001-07-21,-10.844241111775476,-30.14593299432575,-30.590413606042354,4.515072935714236
2001-07-22,-11.807880849280233,-30.070271094956706,-30.775086959542328,4.951283444827661
2001-07-23,-12.792916160344005,-32.2351665911617,-29.33174822948846,4.007320165330051
2001-07-24,-12.808974271541494,-30.29523412393896,-29.548442024034035,5.068755860938143
2001-07-25,-13.316693879516787,-28.744320223743294,-29.774553215432,5.96569831904349
2001-07-26,-11.320193485608776,-28.93534073207385,-32.86927909106629,6.978225200634361
2001-07-27,-12.520483403188132,-30.035432519180446,-34.09889186368183,5.919947503607605
2001-07-28,-11.943094579559038,-30.510685699480085,-33.24772891888361,7.56435082470855
2001-07-29,-12.282191591497721,-31.18296012016819,-33.77708815595372,8.212133716296847
2001-07-30,-14.385549447333327,-32.90559330166265,-35.31750296960053,6.3060696538748084
2001-07-31,-15.079033008947034,-33.22672722340596,-35.425524667242385,5.6973374584133545
2001-08-01,-14.093865121673796,-33.208153662620006,-34.457493718732266,5.4385173836098355
2001-08-02,-13.780761045805594,-32.58671834667292,-33.49937493282154,4.644132655634729
2001-08-03,-14.797907419290974,-33.16458306190088,-34.311630199040145,4.949437484860193
2001-08-04,-14.764839267200331,-32.15243166777494,-35.60692468062689,4.767071906516122
2001-08-05,-13.528067706124329,-33.14195590180256,-34.621365306229244,6.005577882695203
2001-08-06,-13.450127250041549,-33.46858514916597,-33.177725225252196,7.029015739508851
2001-08-07,-13.523383820674944,-34.862407130357624,-33.05780234936609,6.35460919595432
2001-08-08,-13.81712390622489,-34.682498627609505,-31.929464054361354,6.128803994329805
2001-08-09,-15.67629021064403,-35.02189674915429,-32.537194500002904,6.348373761279113
2001-08-10,-16.421365487974363,-34.57871444934533,-33.1084037502312,7.623159720405393
2001-08-11,-15.841332790036034,-34.53384112407344,-33.0274501094504,8.40191715912452
2001-08-12,-17.28867877398063,-35.630796986369326,-30.78010383461131,7.887011803818393
2001-08-13,-16.587382617640397,-37.14950012138984,-30.64894548862518,8.267901299570564
2001-08-14,-15.785557605268345,-38.368580814716786,-29.9666273139897,9.723967449282295
2001-08-15,-16.045891798207762,-38.96612353362033,-31.6911798258356,10.168452035779026
2001-08-16,-16.88680857025237,-40.60333122936298,-31.808163615073884,10.012942102112978
2001-08-17,-16.032852050093453,-41.47239337184128,-32.947759332107,10.242135929206356
2001-08-18,-16.10782994879106,-41.99863998236384,-34.06368153506181,9.129637083978585
2001-08-19,-14.753396399480973,-42.31179623390488,-32.013845659250585,10.280244818614694
2001-08-20,-14.340921856294566,-42.368586447111475,-33.06032983526658,10.034154411065199
2001-08-21,-15.266096358069808,-41.047806494252654,-33.12658059809649,8.911762020709634
2001-08-22,-14.794570439343534,-41.72830760406983,-33.49560745449385,8.60462988669596
2001-08-23,-13.238889626439015,-41.7602583276235,-33.685434041123045,8.236033718216891
2001-08-24,-13.063103818323542,-40.76531693431645,-35.95312303511619,7.714768387514281
2001-08-25,-14.598709667152182,-40.75607642698433,-36.97112295309636,8.468437436597018
2001-08-26,-15.477934591422354,-42.13677486893505,-37.47942121126847,8.4914369995169
2001-08-27,-15.074887867294454,-42.90450760621671,-38.636964561574025,9.712859038622462
2001-08-28,-15.51364290537989,-43.12572147588101,-38.56062193086523,8.574182813160206
2001-08-29,-15.09988684996074,-42.8902805998015,-38.02860336482346,7.797440141665982
2001-08-30,-15.835111111148617,-42.67528610994428,-37.95953344271828,7.344985604314393
2001-08-31,-14.844784878983607,-42.13126461530924,-38.188132635423685,8.377009329215802
2001-09-01,-13.60184645686331,-42.50450529225118,-38.45503418087049,8.838488639181813
2001-09-02,-14.938670771814374,-41.72983034199173,-37.53319455509612,9.200762153453363
2001-09-03,-15.016952331602393,-43.94111638582665,-38.89144596785773,9.765282364864884
2001-09-04,-14.771062408434453,-44.639042800798244,-37.99694591052465,10.502621556517356
2001-09-05,-14.48018581858197,-44.01014798075961,-38.26538136065486,10.857598379503653
2001-09-06,-13.725422299308324,-44.572947200118975,-38.18927703281232,11.563365252586063
2001-09-07,-11.972052659827186,-45.80474009781778,-38.39440154120892,9.662367329461826
2001-09-08,-11.32879287657138,-43.98217733517094,-41.2197054019564,9.077333538647284
2001-09-09,-12.086275376913209,-44.13563551373412,-41.96460376088348,9.300317197328534
2001-09-10,-13.520625624103971,-43.51530555205869,-43.16287124816965,10.710473178506197
2001-09-11,-13.39630452003527,-44.59234797216593,-42.647374632764844,9.695417410062895
2001-09-12,-14.420688383755676,-43.66248713525992,-42.69806910117781,11.49766763211921
2001-09-13,-14.55553278816255,-42.73232603824449,-43.654723867940824,10.277807314777885
2001-09-14,-14.09481917921927,-43.98805884457716,-42.985987376870526,9.587680412063484
2001-09-15,-15.656464132119797,-44.31672035556258,-43.98630347848208,7.268043938780719
2001-09-16,-15.76706869576179,-45.01028882750507,-44.238766170158165,8.266187740578225
2001-09-17,-14.12706155382013,-45.39267095789,-43.57491596969132,7.525649792442059
2001-09-18,-14.497985855463932,-46.44324167477107,-43.90492730569685,6.36127851653154
2001-09-19,-15.217879426297392,-48.342043275210045,-44.277655098690474,6.958454573421511
2001-09-20,-14.959789143810731,-47.76505864999139,-44.551747122821986,6.418934493468517
2001-09-21,-15.572833470944335,-46.96752268130139,-45.04009626935404,7.265397457617415
2001-09-22,-14.959362449915702,-48.24226053978818,-42.36658077416677,8.052161031313743
2001-09-23,-14.516439937659696,-49.97514762422117,-42.26142683013692,9.191149981902866
2001-09-24,-14.683768413369728,-49.674632257456295,-42.10746773433133,11.98623167343656
2001-09-25,-16.10820195155644,-48.592655779823474,-42.96860068166374,11.53233944652272
2001-09-26,-18.012078111571146,-48.86054633004654,-42.4280177100687,11.048928865322855
2001-09-27,-18.358510075596183,-48.92177364763838,-42.538852887829776,9.023860879433114
2001-09-28,-17.69666881209324,-50.405287704354386,-42.28166981681223,8.20608850528683
2001-09-29,-17.95767349118065,-50.39163877761023,-44.80553723166527,7.568224564444999
2001-09-30,-17.746295703878996,-50.41153565349584,-44.64094044433599,7.891294320860834
2001-10-01,-17.141357244108633,-50.57933368829171,-44.59732988427164,8.775732776184066
2001-10-02,-16.790553309711036,-50.370923185816864,-44.86558883228232,10.83063549399976
2001-10-03,-16.998030016886503,-50.91902501526738,-44.27925333217521,9.944107008398612
2001-10-04,-16.773223360122024,-49.661558764895055,-44.57720237196257,10.043576357353388
2001-10-05,-15.621195318296628,-48.32816127557048,-46.01480329936034,10.80518614621101
2001-10-06,-15.177672043217312,-48.1477416151507,-46.465382675332975,9.738005465662498
2001-10-07,-15.912085223140666,-47.30786955365374,-46.00804078548118,10.478976559169265
2001-10-08,-15.946718377530903,-46.614596553031284,-45.81769457850907,12.1453583990548
2001-10-09,-16.956204522192415,-46.659751677930124,-47.241138166149625,13.730791967807672
2001-10-10,-17.665395151183084,-46.487322221651134,-48.62132674082837,14.152772202409672
2001-10-11,-16.86064905280952,-45.03200879665319,-48.69043107707885,14.859410500571006
2001-10-12,-16.94397094784502,-47.38338335180966,-47.34715245773596,13.443441727654054
2001-10-13,-17.44962037825119,-47.588795258452095,-47.92923773040814,11.506248674800442
2001-10-14,-17.414797302959546,-48.303177904262505,-47.66362114976842,11.754104193465174
2001-10-15,-18.439951835697293,-49.577586082808104,-48.993039587478165,9.843301460064271
2001-10-16,-18.584385633436884,-49.302210919566434,-50.13152174014159,11.114419245925266
2001-10-17,-18.543120763080154,-50.44998108630249,-48.95411784598805,10.393448675909442
2001-10-18,-19.435642208228526,-51.060224738489985,-48.51267464282402,8.226761833695061
2001-10-19,-18.974295348875522,-50.044448951211564,-49.81248686848158,7.335272403829356
2001-10-20,-17.182004820442774,-49.236392396497735,-51.21292020403648,7.501767104540301
2001-10-21,-18.641364834569774,-50.198526469713975,-50.64288809391674,6.95907689265189
2001-10-22,-17.774508462453777,-51.736282834895135,-51.40553444180621,7.527074203568632
2001-10-23,-17.44291794828235,-50.01901473713503,-50.9097043475311,4.874707605135768
2001-10-24,-18.43915441229209,-51.005121322709584,-51.84988177086042,5.532861254352483
2001-10-25,-16.504153356856882,-51.28121661702983,-52.91212680945937,5.567025264165321
2001-10-26,-16.60225460252662,-50.74566420528011,-53.19110030496529,3.534689191158054
2001-10-27,-17.62160268118787,-50.02633742952686,-53.04345981598067,3.0218025149300467
2001-10-28,-17.70564821457463,-48.69763673979472,-54.3242187772296,2.065192609249337
2001-10-29,-17.412801869389305,-49.104920964827485,-55.49936768046764,2.210874109773099
2001-10-30,-17.56364489012259,-48.37246165771046,-56.090550003810186,1.6477913529732204
2001-10-31,-19.29865390018033,-47.81509991839056,-56.567711460151756,-0.040223932583167255
2001-11-01,-19.18900006947676,-48.544835440326786,-57.08278729314221,0.208114440719818
2001-11-02,-19.077476301690073,-49.23796383180084,-56.76022843628299,-0.4345113865869292
2001-11-03,-17.55225815744164,-49.56954623812337,-56.13986422146023,-1.6755440957195018
2001-11-04,-17.698897547291427,-48.90528612126797,-55.23201128329034,-1.2190370547403115
2001-11-05,-17.399701650225488,-46.40298624068313,-55.41532357565426,-1.0940671399925843
2001-11-06,-17.41921777144451,-47.87215944902403,-56.50867263095728,-0.1400827211702157
2001-11-07,-17.064087816517215,-48.32835995857691,-55.67797637061855,0.6982316094223548
2001-11-08,-17.051382675227046,-47.44027798514977,-55.13749314190641,0.1822631371541641
2001-11-09,-16.990148640700678,-46.11185992536373,-54.49201531408077,1.3745811098589098
2001-11-10,-16.931761784939756,-48.7269915763991,-55.2209532644715,2.369017405137552
2001-11-11,-16.69929991569266,-49.40758190388509,-54.122856621126864,0.9509374975527998
2001-11-12,-17.741637811471975,-48.473805070374965,-55.43802253932286,0.9738999622483985
2001-11-13,-18.56328535163118,-48.06343829966752,-55.217998725215594,1.1506910261633783
2001-11-14,-18.694529222099458,-49.2873062247533,-55.065912386554075,2.9607810918152713
2001-11-15,-15.625943500505175,-50.59556977684465,-56.22826905612464,2.3292140954282132
2001-11-16,-14.833147115352784,-53.405428428569614,-54.623296016633915,2.590848734510065
2001-11-17,-13.150738148684589,-53.18133832758629,-53.65826963470283,0.6009522480263734
2001-11-18,-14.613954835180902,-51.27810722191124,-52.27011685935498,-0.4164002077356366
2001-11-19,-14.464837942499909,-50.74441485844511,-52.471041720965786,0.4661332005377967
2001-11-20,-13.874104316256794,-51.236352452163615,-51.52350532293701,-0.2666401315630078
2001-11-21,-13.259244581184861,-51.16751193345957,-51.63325933581922,0.5859577700308507
2001-11-22,-11.88649764182757,-50.416817007097286,-50.94677707213726,-0.7501466787365512
2001-11-23,-12.083292270815353,-50.88264534668757,-51.38417202192529,-0.9119962832427527
2001-11-24,-13.099971346288294,-51.41010999736722,-50.46582550121251,-1.0757864837858961
2001-11-25,-12.238505889373297,-49.17103872461257,-49.716134503790414,-0.9153235551428675
2001-11-26,-13.054172474337642,-51.32613884814453,-51.240717370630136,-2.3538673302863673
2001-11-27,-12.461856814356056,-50.84015887959586,-50.40480750552133,-2.3764675562551796
2001-11-28,-10.494301187302247,-51.26500366945911,-49.651374225394605,-2.3180467644579683
2001-11-29,-10.441785594894597,-52.04070162680181,-48.4281705203883,-2.0020220222153586
2001-11-30,-10.266816794010332,-51.61792173130335,-48.17467694063777,-2.445470684887153
2001-12-01,-9.890511155734547,-50.5424847112143,-47.671203304551334,-1.6674832445546408
2001-12-02,-9.475343314141618,-50.13189890394564,-47.57719198793433,-1.5760605021693121
2001-12-03,-10.172153960907876,-48.29605107421791,-48.59020816291867,-0.17916042200083915
2001-12-04,-10.063722556412648,-49.45555972383503,-50.36585529692148,0.5938168661943879
2001-12-05,-8.738005121700034,-49.124610658545244,-49.420464669561746,1.6346428665174797
2001-12-06,-8.74605035842396,-47.88564020055994,-48.62607951411324,0.5409118679077694
2001-12-07,-8.492952216258816,-48.12261610471334,-48.686522610247984,0.612599923795017
2001-12-08,-9.071307771452233,-47.57467319934973,-49.00761482262416,0.8476033949339782
2001-12-09,-9.796651070262689,-47.02756684823989,-48.738316134353354,1.8266559874017718
2001-12-10,-9.742057724808381,-48.248297659321985,-48.49136457355732,1.7866960821172841
2001-12-11,-10.087847608237174,-46.81040039312537,-48.07855871092319,1.8028197290283847
2001-12-12,-9.585270918513533,-46.36876477385887,-47.51202987880249,-0.18820135866441112
2001-12-13,-9.758955515996185,-46.60057524234769,-46.07098726873693,-1.598102534476218
2001-12-14,-8.403218553730932,-46.65118853918796,-46.10564631024395,-2.0192130197516307
2001-12-15,-9.587733241185518,-46.57597616229732,-46.41434054270914,-3.1707796895815066
2001-12-16,-7.904544666124417,-46.68084274055383,-47.738277780754366,-2.9119766786309245
2001-12-17,-8.981585375103489,-46.485935047508,-48.90908446234488,-1.7995618600493042
2001-12-18,-9.21411667071615,-46.74217594604521,-49.70803267171389,-1.3115416596627016
2001-12-19,-7.997515368717046,-47.70169584725716,-49.53089785696171,0.9288438251058262
2001-12-20,-9.019506573312174,-46.83938596202748,-48.61215991075187,1.9768776576470575
2001-12-21,-9.341086046714095,-45.48357292696191,-48.92405274447148,2.3013064774227256
2001-12-22,-9.528288446576918,-44.71420096315972,-48.13804011387052,1.4432373809633925
2001-12-23,-7.896359926172436,-45.28646155563489,-49.02050304121338,1.0980593078108645
2001-12-24,-5.282584837587793,-47.69132317603478,-48.61528357279117,0.4563899339373171
2001-12-25,-5.109044251604414,-47.10703173330148,-50.21909803890954,1.846708367939517
2001-12-26,-3.3885644205811882,-47.56877479427702,-50.35464449500808,1.946678834992895
2001-12-27,-3.4018209279815044,-48.120581999413396,-49.52024092152042,3.1021445491778046
2001-12-28,-4.89180586272218,-47.56860808160231,-51.53779998785551,0.47635491377246186
2001-12-29,-5.563362423895983,-48.956119039678306,-51.94204559724108,1.2350394303801666
2001-12-30,-6.843929756372172,-49.29032538057526,-51.63221207395605,2.3909026722904247
2001-12-31,-6.829282006328997,-49.71596638324447,-49.54859212201938,3.360312919824824
2002-01-01,-7.667965681656568,-50.43808409927718,-50.36948347490329,3.570769290416277
2002-01-02,-7.347659095380906,-52.61127797833046,-49.610246783198,2.7995301258690724
2002-01-03,-7.587012924145131,-53.27526664985408,-49.76736954146181,3.392943114662546
2002-01-04,-6.138799950763669,-52.67655186318912,-49.29084460793004,1.1837587800033789
2002-01-05,-6.012468995677805,-52.82269592052744,-49.999769917060334,-0.35705772760752197
2002-01-06,-4.826139195561104,-51.949947441570515,-48.56023675376518,-0.3112676428661893
2002-01-07,-5.989421453043225,-51.791226001573285,-48.96253255816343,-1.447033963482595
2002-01-08,-6.644531999074352,-51.94054560283549,-48.88295132624638,-0.23455336113601422
2002-01-09,-8.188251469155476,-52.35994174644284,-48.85966814142752,-1.6127566332985246
2002-01-10,-8.910526839948844,-51.992944136166614,-47.37926315064859,-2.4115271738578223
2002-01-11,-8.434547032289883,-51.12638598822872,-46.33295818422098,-2.519308332597593
2002-01-12,-7.517808007359684,-51.37263183200798,-46.62382041066589,-2.914372659929455
2002-01-13,-6.656408250145523,-51.39446760784051,-47.13621427986685,-4.666581665263961
2002-01-14,-7.135959398357617,-50.74504387799568,-46.80718345062921,-3.4251390603640264
2002-01-15,-6.479174792664638,-50.29471924303784,-47.21708186453959,-4.564814879648061
2002-01-16,-6.567599992608855,-49.8584520263829,-47.33513595004012,-6.610412334898367
2002-01-17,-6.373623393496314,-50.84054459603169,-46.32483383285441,-8.185618678782879
2002-01-18,-5.8324319821134925,-50.55517556158342,-45.98971355416067,-7.833866432091878
2002-01-19,-4.697685580097846,-49.45687062779108,-44.84773628345657,-6.92458042507279
2002-01-20,-4.437556975100128,-50.6514475793789,-43.98969439451935,-6.8140214569138315
2002-01-21,-3.67350204257219,-51.34359476272357,-44.62359522122338,-8.143872114077668
2002-01-22,-4.273250924002278,-50.114548638751245,-44.35004149275861,-9.099143156596051
2002-01-23,-4.230166718907869,-50.41698110736223,-44.70262934037173,-10.032914473875053
2002-01-24,-4.173524984433273,-51.189539451080854,-45.46467949116733,-10.93383482745769
2002-01-25,-4.659317457007786,-50.185142972055324,-45.07778400910974,-12.588501803964002
2002-01-26,-3.991815826950855,-50.6170204626834,-44.677418287964045,-13.19755437571696
2002-01-27,-2.9259955851699218,-49.12156552360915,-46.23856809082388,-15.318453581052488
2002-01-28,-0.8784004233917062,-49.9878963498352,-45.5382156181281,-14.872839841090657
2002-01-29,-0.2116314827554996,-49.85922699123737,-45.269869940862165,-14.65771051521468
2002-01-30,-2.721057463786408,-49.92449116995876,-45.14433840592751,-15.095592061788988
2002-01-31,-4.73497448724542,-50.170676279479764,-44.959731640555084,-13.753800438492428
2002-02-01,-6.346958220196644,-51.68032338364936,-44.248285980554414,-14.190019688656664
2002-02-02,-5.7115457139331385,-51.87163151099741,-45.44482597780281,-14.164778614439857
2002-02-03,-6.463416872695381,-51.851331409690275,-45.81745456912528,-13.245022475321152
2002-02-04,-6.051746086351151,-52.29121984212134,-47.57727363774144,-15.350831319750121
2002-02-05,-5.936583070455389,-52.073466620773644,-47.02991469514999,-15.641450816591394
2002-02-06,-6.402812452409731,-50.43804266013601,-46.68488529097129,-15.515507683852261
2002-02-07,-5.781600171113638,-51.630705877496254,-44.422433309514446,-14.404918639833939
2002-02-08,-5.474279755008194,-51.99280328130242,-43.76560125622292,-13.836778334558783
2002-02-09,-6.724837998761345,-52.60456144989064,-42.67813570892733,-14.21785453392389
2002-02-10,-5.967918105810447,-52.200370485587364,-43.11613563939769,-13.513213664204924
2002-02-11,-6.557851796041269,-51.806504019921036,-42.376451757182934,-14.358487935585435
2002-02-12,-7.1447363381627325,-51.860510049409974,-43.52810409161426,-15.034618547430023
2002-02-13,-7.159692598290797,-52.22334492249718,-43.75554028285614,-14.530005985638919
2002-02-14,-5.893167923844296,-52.85030307166179,-42.55177211364484,-13.197391705775997
2002-02-15,-5.365761173973926,-51.42225827626727,-41.444265119932076,-13.807808590861946
2002-02-16,-5.381856779867271,-51.62506937683887,-41.04805285942438,-14.921336105031754
2002-02-17,-5.606552845160433,-51.261993121754,-40.698694557465004,-13.572267706299142
2002-02-18,-5.879178402445102,-51.477019957991914,-42.46608267112021,-13.129308158633846
2002-02-19,-6.891854824643524,-51.888384849747084,-40.887598363040745,-12.553534237284067
2002-02-20,-5.034351909959624,-50.876256256278815,-39.8735117882661,-13.07675358355854
2002-02-21,-4.414696509507591,-48.635335777887455,-40.31186190890925,-12.238414527402496
2002-02-22,-5.413530271014188,-48.58646156436198,-40.833675889125466,-11.290769872753652
2002-02-23,-6.461818606941858,-49.35135409094323,-40.09809117512191,-11.518909325941044
2002-02-24,-5.210380460688558,-50.87095594517991,-39.23250294932953,-11.428946881779515
2002-02-25,-5.701121460125296,-52.12986638491355,-40.86415891818409,-12.29116619492226
2002-02-26,-7.345164306284383,-51.88586990131416,-40.41757203737311,-13.10393880704464
2002-02-27,-8.273116310962966,-52.48003001745699,-40.427047918409535,-13.790905906218256
2002-02-28,-8.996949698197861,-51.490615167525135,-40.11133468095348,-13.71384937483444
2002-03-01,-9.135398316289365,-50.9269279033696,-40.45761815252977,-14.269894767138435
2002-03-02,-10.390704861554019,-50.48223737167918,-39.47280589629128,-14.982220608955407
2002-03-03,-9.618341990528583,-50.115130422895504,-41.58196615483994,-16.347434595191977
2002-03-04,-9.190292639643566,-51.9308572370468,-41.85041369158708,-14.595475472412046
2002-03-05,-8.223369454383215,-51.694796393212854,-42.70407029411085,-15.643196121700154
2002-03-06,-8.8495693468865,-51.88182112411154,-42.935304611790535,-14.96461925707393
2002-03-07,-7.83784317067697,-51.71918729836665,-43.67872965868463,-13.181292912030932
2002-03-08,-8.00993030577946,-51.43755807766458,-43.046140568627024,-12.748807805355877
2002-03-09,-7.745000504161956,-51.790608254843576,-43.04208237298802,-11.856406599583078
2002-03-10,-7.902882436938954,-51.948063089831656,-42.68479039994791,-13.465096592923144
2002-03-11,-9.953138265737408,-50.11181936896321,-41.50018030623578,-13.473815524401415
2002-03-12,-9.499938005687225,-52.00942778974052,-41.31368575747363,-12.055777557102136
2002-03-13,-9.922585633205454,-51.82623046142523,-42.35241405139411,-10.962024854394667
2002-03-14,-9.720860650943779,-51.56762349956951,-42.94449829145668,-12.41163137876648
2002-03-15,-10.041014504610105,-50.12605528511912,-42.9088094875954,-11.95049491650429
2002-03-16,-9.730800964932707,-51.90834338973441,-43.1469416940723,-10.400138159691638
2002-03-17,-10.140582996465321,-52.838338340108386,-42.35040407793696,-11.212404948665954
2002-03-18,-10.461174967303203,-50.42361675586557,-41.55977216236567,-11.742130425968076
2002-03-19,-11.12903769525145,-50.47897996179197,-42.23022989812877,-11.737033547259488
2002-03-20,-11.290609125643103,-49.16883911957322,-43.60860625349541,-8.567124713261498
2002-03-21,-11.295563837536081,-48.73224097246388,-43.719196168475605,-9.313569175546494
2002-03-22,-10.586953719546697,-48.37004543141179,-42.70578625928083,-9.146953848210018
2002-03-23,-11.018446318628808,-47.015807143904155,-42.40590782825566,-7.645331321715445
2002-03-24,-11.682736898268645,-47.489418310080545,-43.587718516575535,-7.546170846880996
2002-03-25,-10.635046755124817,-46.80186977330577,-43.97227681191318,-6.092914067241725
2002-03-26,-10.759896368800586,-46.94054312267517,-43.559882538125834,-5.7328409180547215
2002-03-27,-11.667242297984515,-46.89314040653428,-44.46930735988053,-7.112518032950538
2002-03-28,-10.67909821549788,-48.15424599345725,-45.62063217442378,-9.584704001790033
2002-03-29,-11.961374136567333,-48.236641422311585,-45.49805533234798,-9.344818810297896
2002-03-30,-12.189356654946783,-50.014527495690366,-45.107992548901684,-11.096936083419063
2002-03-31,-12.021679444990797,-49.771764987100966,-46.72544098338588,-10.355907924603203
2002-04-01,-13.425549156542765,-52.20676890573302,-47.79132215293395,-9.538532267292453
2002-04-02,-13.759194627216203,-52.74634301700047,-48.03274172205232,-9.43543418139944
2002-04-03,-13.402205804161285,-52.73632890989319,-48.68303895597646,-8.636213174354834
2002-04-04,-12.707335655598524,-53.17753795326619,-50.64846794665737,-8.982175133475339
2002-04-05,-12.32836919337146,-51.45206308158044,-51.343134891949475,-8.428057633020954
2002-04-06,-11.053250820732886,-52.011963648825535,-52.03649192798446,-7.866580346924031
2002-04-07,-11.901739049287764,-53.30620661693998,-52.55701932861187,-7.214440569339567
2002-04-08,-12.170848370562675,-53.04483651634905,-53.196528706883534,-8.347884316255234
2002-04-09,-12.876885446650716,-53.93657067465935,-52.50299556465639,-8.746228859661
2002-04-10,-12.927091344588197,-52.56109158877841,-52.48975256064086,-10.00470284985988
2002-04-11,-13.244823803007003,-53.05816666949545,-53.64776290654398,-9.841471598256412
2002-04-12,-14.197663285813654,-52.01649687150604,-54.92649801720812,-8.768330234202747
2002-04-13,-13.487748560432868,-51.58956943175645,-54.462518873854606,-9.964599648629456
2002-04-14,-13.805535856389662,-52.834470185785385,-55.01751107854836,-10.22229055457547
2002-04-15,-13.060903817775227,-51.94892715050384,-54.139900082990195,-10.19766905294805
2002-04-16,-13.014320601339723,-50.49461297841513,-52.958417248999524,-10.510722637239065
2002-04-17,-13.104376205178859,-51.509497203357554,-54.14713390791795,-10.885227629675745
2002-04-18,-13.91183393798385,-52.749458579275725,-55.00713055382773,-11.058361860935413
2002-04-19,-15.592236056328645,-51.99336649116983,-54.21838948935253,-10.708555463303853
2002-04-20,-17.37284679219506,-51.49532911095514,-55.63188817046927,-10.261393240088417
2002-04-21,-17.746892650519637,-51.28492321439642,-58.06132126694275,-12.736394135916616
2002-04-22,-17.66751523973962,-51.70827969938854,-59.628499171812464,-15.078287391349257
2002-04-23,-17.10595598360475,-52.29712941730402,-60.01565505396381,-14.421043526105489
2002-04-24,-16.69460408025404,-55.50044415231649,-59.985738092575446,-13.60257765882324
2002-04-25,-17.19556129650462,-56.349655262093314,-59.50281162679089,-13.451187371646824
2002-04-26,-16.44010136457894,-56.25139501271449,-59.7842824357041,-12.808510488668848
2002-04-27,-16.763782558557736,-56.200208320946935,-59.93434734674634,-11.385348058712477
2002-04-28,-17.975783111460466,-56.16732864340435,-59.69957772177978,-12.5546656318157
2002-04-29,-18.280081480119694,-56.17950031726915,-58.727615475395645,-13.453163963171281
2002-04-30,-18.74866705951772,-56.40167570894477,-59.62397810013985,-12.154538021123447
2002-05-01,-19.282747334413795,-56.14640101645015,-59.452323415888884,-12.756822416223597
2002-05-02,-19.04696653801309,-56.97557029209575,-58.9661319743359,-13.77762867065722
2002-05-03,-18.13861152794237,-57.895323794463444,-58.501461401930506,-10.763453824379999
2002-05-04,-19.226768062144288,-58.91533526172926,-56.453463460860306,-11.192287223179438
2002-05-05,-16.853741058675595,-58.52049125052011,-55.871029186328094,-11.336374322557315
2002-05-06,-17.08483168178989,-57.48729503447979,-55.341995093093736,-10.023100116451038
2002-05-07,-16.972045641596445,-57.83278630287656,-54.65633219421651,-9.108119631490593
2002-05-08,-16.774969991855684,-58.06013143932481,-54.906973070051905,-9.349408840631193
2002-05-09,-16.017396442852785,-59.616977552024636,-54.81175718255945,-10.96535930458642
2002-05-10,-17.080996044855386,-57.49940260330384,-53.547386311796295,-9.859164140013771
2002-05-11,-17.619684164088245,-58.253659585183854,-53.44245161841228,-10.377440949348378
2002-05-12,-18.649606904756553,-58.45483832337618,-52.515357294575935,-11.385076167453601
2002-05-13,-17.679721918353867,-58.90197023231263,-51.26253306995445,-12.465936147792108
2002-05-14,-18.401237445120305,-59.770910558005234,-51.29329702021642,-12.662506479678006
2002-05-15,-19.096375622103782,-58.47676376569372,-51.274590375871085,-13.722695022396692
2002-05-16,-19.354322939547625,-57.39183632460341,-51.0976403670982,-12.009844164441445
2002-05-17,-19.834254489043744,-57.394543364325585,-52.46292616027871,-14.322409932448316
2002-05-18,-20.761343650117574,-57.76882351917575,-54.85832702714657,-14.138090747994212
2002-05-19,-21.159039304641194,-57.15182015815464,-53.66738902963535,-14.528558809669452
2002-05-20,-22.212376969723636,-57.65536594222717,-52.71521878333765,-13.248773104059861
2002-05-21,-22.323305449690235,-58.02698588647453,-53.05118046153135,-13.588825337658228
2002-05-22,-22.084110040181166,-59.627802946773905,-53.8293179681538,-14.445212568579896
2002-05-23,-23.222364353003833,-59.93702997238871,-54.26909501505676,-14.061951923795121
2002-05-24,-22.458791066085077,-60.548779183229684,-53.766257668215864,-14.621831527221923
2002-05-25,-21.393107352019857,-60.086734411069166,-53.610324867163484,-15.543063552424956
2002-05-26,-22.442324336869657,-61.60693035378617,-52.417350852286816,-15.101043751672508
2002-05-27,-21.247939412220624,-61.202537607770765,-52.14248771473127,-15.47452082498388
2002-05-28,-21.150127871235036,-62.05866350995405,-51.68094741681952,-15.720270583122726
2002-05-29,-21.273381480784643,-59.8064627738232,-52.349619588242504,-14.68038667006417
2002-05-30,-22.73521944024687,-58.06171594729973,-53.73024894353636,-14.130250760433105
2002-05-31,-22.489688162991524,-58.120302438133145,-54.31428312166394,-14.64987486595664
2002-06-01,-22.704355001176,-58.90609549005344,-53.53988333432896,-13.496299890437424
2002-06-02,-21.631813112271473,-59.84125233590039,-54.261289585412975,-13.377639648302235
2002-06-03,-21.226268668770036,-59.5899059906534,-52.35321791898086,-12.510769328173783
2002-06-04,-21.046230258803224,-59.48608095195615,-52.05818650083117,-11.2060398502436
2002-06-05,-21.317362295659922,-58.70017049513353,-52.295029126759715,-12.279011973592802
2002-06-06,-19.881959202511286,-60.34646871314938,-51.475881884805126,-12.927471265454539
2002-06-07,-20.104639853291037,-61.61601151638655,-51.81889944300569,-11.657329546189198
2002-06-08,-20.044544442779205,-60.784777748935795,-51.492425456375315,-12.27242917850534
2002-06-09,-19.5493408815165,-60.787553973058074,-51.42946413413125,-11.445747342069227
2002-06-10,-18.04616426248883,-59.53409326468672,-50.777375174188464,-10.22013421581558
2002-06-11,-17.59011803379029,-59.1005391613871,-51.057067394521816,-8.95276952267376
2002-06-12,-18.651333097209726,-59.421196491333795,-50.84731545351633,-7.234480361977257
2002-06-13,-17.25002487882901,-58.960601964688465,-49.40377636302464,-8.635319081771566
2002-06-14,-16.496567959361688,-59.90563531778302,-47.61978901128682,-9.670756750845577
2002-06-15,-17.11622453448588,-59.218691115369886,-46.859405813023535,-9.992423080725748
2002-06-16,-18.214421273082255,-57.43639963921897,-46.68399269432367,-10.641714155978795
2002-06-17,-17.882609247955635,-58.240324061023735,-46.428537793010335,-10.39521821845162
2002-06-18,-18.49946769517037,-57.186396866546445,-45.413945145040586,-12.061953707959052
2002-06-19,-19.255876628290366,-57.22492672186235,-46.09252056922225,-11.932989089840282
2002-06-20,-19.03472351279707,-57.49003622065041,-47.20383181034392,-12.787313384194894
2002-06-21,-19.73738853571897,-57.91671075454324,-47.721803855505364,-12.727539413548637
2002-06-22,-20.15415480052023,-57.81614807713697,-48.3190686448688,-13.69286867942107
2002-06-23,-19.429803587817148,-58.04681017707349,-48.32637055181356,-13.677836049020788
2002-06-24,-18.947404794129802,-58.449218045139915,-49.97562218441408,-12.915865543950321
2002-06-25,-19.007014640141396,-57.08826080807768,-48.44732790751264,-14.345994236898772
2002-06-26,-20.11241106075489,-57.974129204566275,-47.08084694703286,-15.530728432942327
2002-06-27,-18.367701234961235,-57.478335219522315,-46.57286405995528,-15.902406931218701
2002-06-28,-19.347721020575754,-56.38593227071787,-46.993631733135786,-15.392976757447865
2002-06-29,-20.08420710158483,-55.86294409987314,-46.86947598138403,-15.825151858209944
2002-06-30,-20.678865865752147,-54.88473212255749,-48.47314433168748,-16.766994117968853
2002-07-01,-22.224842021519038,-54.208711053370884,-47.26323102849601,-17.46799966480864
2002-07-02,-21.187318650472662,-53.93820379307014,-47.66750412881739,-17.898441990351973
2002-07-03,-22.74471722820078,-54.281163471097386,-48.90342134386012,-17.6246285490663
2002-07-04,-24.251706377625865,-53.90469486918826,-50.71935469712987,-18.805561318362294
2002-07-05,-24.769283480429287,-54.43460163623712,-48.75635386030759,-18.107945247210097
2002-07-06,-23.692406500811153,-53.64061131768515,-50.249395234491544,-15.882184051040804
2002-07-07,-23.842622324444356,-55.34820825794426,-49.74738952188333,-16.635186005075123
2002-07-08,-23.32942056925962,-54.743231995084045,-50.708777890086914,-16.262559103390906
2002-07-09,-24.762752582403305,-53.84349920792205,-50.304921944105224,-17.901667828649465
2002-07-10,-24.50897887683338,-52.929438495498715,-51.0069098101946,-17.69583274388228
2002-07-11,-22.797964428758153,-52.28486461830024,-51.05684939108095,-18.512595175141126
2002-07-12,-23.150441597205177,-52.639382638907996,-49.91184162860955,-19.541924423339335
2002-07-13,-23.314655725278264,-52.10362506653132,-48.50270032054231,-19.51920075911532
2002-07-14,-24.84066799753997,-53.19852735147824,-50.430637135613,-19.503446792939133
2002-07-15,-25.502100936077383,-52.052573992802,-50.880346043484465,-20.383459006546722
2002-07-16,-25.872917018759193,-50.01582151420047,-51.16058012549908,-18.689266750876403
2002-07-17,-26.767312639511008,-50.73231106370608,-52.31833017211264,-19.829138926619077
2002-07-18,-26.64286984282244,-51.60247071439248,-51.04121720280061,-19.587193232250307
2002-07-19,-26.27440786829759,-51.34110076631269,-50.64796678085344,-20.23583749047393
2002-07-20,-25.264387756467908,-50.482840500493424,-50.74984477054917,-22.19269867190799
2002-07-21,-25.500561173141836,-51.4352478008018,-51.73554130167968,-23.164684151233846
2002-07-22,-26.27829982816335,-50.04994614018538,-52.37740877686653,-23.12757787459657
2002-07-23,-26.05195003119539,-51.21999453806271,-52.66226729104123,-21.735113076712132
2002-07-24,-25.92728829615068,-50.38199290173669,-51.95395167493293,-22.732471701465254
2002-07-25,-27.21258301572707,-49.31359591875164,-51.04935754733148,-23.59487010298669
2002-07-26,-27.224963513076425,-50.37488236787619,-50.584512239020896,-21.950730051458056
2002-07-27,-27.724682961950876,-49.40857851397909,-49.61742154284852,-22.801868973061218
2002-07-28,-27.281768873319695,-49.14150204748426,-48.439500006779724,-23.472850655973932
2002-07-29,-27.27566863738961,-47.96608228376239,-48.31530230412301,-24.378688280283672
2002-07-30,-27.09691554569508,-49.39060578834544,-48.33873118898873,-23.412099752588144
2002-07-31,-28.828410666128196,-49.51192009153231,-48.050324434646136,-21.441400563898757
2002-08-01,-28.713552087244526,-48.62520676852555,-48.26353937615684,-21.775342616934978
2002-08-02,-29.507731839167352,-49.523066002969436,-48.57094299120293,-20.142855719691024
2002-08-03,-29.215008172324108,-49.83202477679187,-49.112413381155235,-19.411508009385443
2002-08-04,-30.014292668660804,-49.95103751494226,-50.1328916495803,-19.77378631857011
2002-08-05,-31.424210909270258,-50.417312266652445,-49.941916772235906,-18.68579763577112
2002-08-06,-31.166920237509242,-51.173619684187656,-46.82335315357238,-19.46230236880749
2002-08-07,-30.59349823989337,-50.736568378927196,-45.7315770356983,-19.892607245453966
2002-08-08,-28.82056544706859,-50.871682033935485,-46.02866795837341,-19.540946052868062
2002-08-09,-27.93976077110384,-50.31266375397144,-46.39035727236782,-19.625809709536277
2002-08-10,-27.78781672481298,-50.582647994342175,-46.942198610826466,-19.876196308548774
2002-08-11,-28.248536937951624,-50.89851787892175,-48.93989399994166,-20.574357920728144
2002-08-12,-26.64033492727096,-51.930556192998914,-50.5997261871346,-18.28626835729117
2002-08-13,-27.01354186651881,-51.98481824647854,-49.812269956384434,-17.916845721485615
2002-08-14,-27.202114854617765,-52.86874111655402,-49.22730197250718,-17.718303960857803
2002-08-15,-27.818215047068072,-53.10693589109573,-48.86010574292183,-16.25466592801302
2002-08-16,-27.05282502475374,-50.98044196397195,-48.79467783634453,-15.313974339133143
2002-08-17,-26.93844951840612,-51.585227235084396,-48.439119537930665,-15.089917398225872
2002-08-18,-25.811155887593515,-50.427565414054904,-47.00513453437654,-14.226991348225452
2002-08-19,-26.52134713412809,-52.019142626146305,-48.106576859864816,-15.250137643592819
2002-08-20,-26.800207299019732,-52.920634412296344,-46.944970963357875,-15.997249056252791
2002-08-21,-25.34773844623093,-53.29530714478025,-48.39653650172079,-16.30185972329223
2002-08-22,-27.500107081046085,-53.124673117712426,-49.2549732542554,-17.598033499545487
2002-08-23,-26.80137409458031,-53.91238739982973,-49.90187644709161,-17.58241032015759
2002-08-24,-26.100917665306234,-55.04504187010428,-50.26819608025823,-18.336480776388676
2002-08-25,-26.661377746601744,-55.39304853235601,-50.68714024417848,-17.29257573276209
2002-08-26,-26.77961917044114,-55.853412346275725,-49.70016290702223,-17.350683009113308
2002-08-27,-26.404731653646675,-56.24987564840475,-49.603067609952724,-17.508911978522445
2002-08-28,-27.706343502688703,-55.670297817995255,-50.556139458330385,-16.627267698096865
2002-08-29,-27.2010376187779,-56.25614632768237,-50.59713542584658,-16.130242513216796
2002-08-30,-26.55788940642987,-55.16675550508766,-50.47728336631694,-16.998215000734515
2002-08-31,-26.264533931265035,-53.64898954448006,-51.55549973012415,-15.887161262862882
2002-09-01,-25.628879968901696,-53.57338184590418,-52.194991595694766,-15.951910064737262
2002-09-02,-26.248828615279777,-52.462753961843916,-52.91901885831663,-14.966474090609795
2002-09-03,-26.105281861583876,-51.07620876813398,-53.30382991062736,-15.40522613125463
2002-09-04,-26.06327487121908,-50.978476911917355,-53.37158705622154,-15.4666400184962
2002-09-05,-25.786037660925132,-51.03010809821858,-52.26219553000314,-15.462200294892947
2002-09-06,-25.38441010787459,-50.603551615090694,-52.05482124406397,-16.713094776411484
2002-09-07,-25.548429729461635,-51.39689454920776,-51.57137891354458,-18.470477892179954
2002-09-08,-25.673542553772595,-52.33177615756753,-51.644485709194136,-20.12419147931949
2002-09-09,-25.76587190929231,-54.00884664577505,-51.48104362069187,-19.811649926499253
2002-09-10,-24.55048647663728,-54.95953243206816,-52.54349092544117,-20.17541424932599
2002-09-11,-23.060081559471474,-56.7582527471847,-51.3701092557006,-18.846513506338322
2002-09-12,-21.18697652655844,-55.58015346232315,-51.58882249011847,-19.10122834612656
2002-09-13,-21.944016885823736,-56.16547590928065,-50.993670525394,-19.382408284136538
2002-09-14,-21.63674650937538,-56.514075988575584,-49.32311971691616,-18.20680133751253
2002-09-15,-22.87274095167394,-57.507107458755556,-50.57417404215946,-19.44197026807957
2002-09-16,-22.4536175289263,-57.21869211518786,-50.47940442365532,-19.066613185951024
2002-09-17,-24.250795944424098,-57.207599077309524,-50.28723115750608,-20.006723012217314
2002-09-18,-22.485695115661052,-54.185916040507976,-49.685569296523795,-21.22789641024159
2002-09-19,-21.994443964261375,-55.4511408008092,-49.31247894462899,-20.449844528518092
2002-09-20,-21.28417909868991,-56.003630626417035,-49.37201355344271,-20.912000570942205
2002-09-21,-20.6597993492268,-55.53704911247068,-50.93311996888812,-20.154672128102103
2002-09-22,-18.1325490686345,-55.0124132174913,-52.94586297897746,-20.10576682886385
2002-09-23,-17.289996942513653,-57.12987192136363,-52.151726886804255,-19.008509425421646
2002-09-24,-16.640168167269557,-56.03219038392868,-51.750949671331746,-19.58779894098455
2002-09-25,-16.568728996472696,-55.24915499437373,-51.775747306181444,-18.50695337962814
2002-09-26,-16.733406761425783,-54.35584242466281,-52.223786178308536,-17.671911678078242
